Building,Date,ExpId,SSID,Addr,RSSI
rdc,2021-05-25,0.0,uha,3890a5600b40,-85.0
rdc,2021-05-25,0.0,uha,3890a54ca360,-75.0
rdc,2021-05-25,0.0,uha,3890a5503e60,-86.0
rdc,2021-05-25,0.0,uha,3890a5505380,-70.0
rdc,2021-05-25,0.0,uha,3890a5505380,-72.0
rdc,2021-05-25,0.0,uha,3890a54ca360,-76.0
rdc,2021-05-25,0.0,uha,3890a5600b40,-85.0
rdc,2021-05-25,0.0,uha,3890a5503e60,-86.0
rdc,2021-05-25,0.1,uha,3890a5503e60,-85.0
rdc,2021-05-25,0.1,uha,3890a5600b40,-85.0
rdc,2021-05-25,0.1,uha,3890a5505380,-84.0
rdc,2021-05-25,0.1,uha,3890a54ca360,-68.0
rdc,2021-05-25,0.1,uha,3890a5499de0,-94.0
rdc,2021-05-25,0.1,uha,3890a5600b40,-88.0
rdc,2021-05-25,0.1,uha,3890a54ca360,-69.0
rdc,2021-05-25,0.1,uha,3890a5505380,-84.0
rdc,2021-05-25,0.1,uha,3890a5503e60,-86.0
rdc,2021-05-25,0.1,uha,3890a5600b40,-90.0
rdc,2021-05-25,0.1,uha,3890a549a1e0,-98.0
rdc,2021-05-25,0.1,uha,3890a549a1e0,-96.0
rdc,2021-05-25,0.1,uha,3890a5499de0,-95.0
rdc,2021-05-25,0.1,uha,3890a5503e60,-85.0
rdc,2021-05-25,0.1,uha,3890a5505380,-84.0
rdc,2021-05-25,0.1,uha,3890a54ca360,-67.0
rdc,2021-05-25,0.2,uha,3890a54ca360,-66.0
rdc,2021-05-25,0.2,uha,3890a54ca360,-60.0
rdc,2021-05-25,0.2,uha,3890a54ca360,-65.0
rdc,2021-05-25,0.2,uha,3890a54ca360,-65.0
rdc,2021-05-25,0.2,uha,3890a54ca360,-64.0
rdc,2021-05-25,0.2,uha,3890a54ca360,-64.0
rdc,2021-05-25,0.2,uha,3890a54ca360,-66.0
rdc,2021-05-25,0.2,uha,3890a54ca360,-65.0
rdc,2021-05-25,0.2,uha,3890a54ca360,-66.0
rdc,2021-05-25,0.2,uha,3890a54ca360,-65.0
rdc,2021-05-25,0.2,uha,3890a54ca360,-66.0
rdc,2021-05-25,0.2,uha,3890a54ca360,-66.0
rdc,2021-05-25,0.2,uha,3890a54ca360,-67.0
rdc,2021-05-25,0.2,uha,3890a54ca360,-67.0
rdc,2021-05-25,0.3,uha,3890a5505380,-84.0
rdc,2021-05-25,0.3,uha,3890a5503e60,-82.0
rdc,2021-05-25,0.3,uha,3890a54ca360,-67.0
rdc,2021-05-25,0.3,uha,3890a5600b40,-86.0
rdc,2021-05-25,0.3,uha,3890a54ca360,-67.0
rdc,2021-05-25,0.3,uha,3890a5600b40,-90.0
rdc,2021-05-25,0.3,uha,3890a5503e60,-82.0
rdc,2021-05-25,0.3,uha,3890a5600b40,-85.0
rdc,2021-05-25,0.3,uha,3890a5600b40,-82.0
rdc,2021-05-25,0.3,uha,3890a5505380,-82.0
rdc,2021-05-25,0.3,uha,3890a5503e60,-79.0
rdc,2021-05-25,0.3,uha,3890a54ca360,-66.0
rdc,2021-05-25,0.3,uha,3890a5503e60,-83.0
rdc,2021-05-25,0.3,uha,3890a5600b40,-83.0
rdc,2021-05-25,0.3,uha,3890a5505380,-81.0
rdc,2021-05-25,0.3,uha,3890a54ca360,-69.0
rdc,2021-05-25,0.3,uha,3890a5503e60,-86.0
rdc,2021-05-25,0.3,uha,3890a54ca360,-67.0
rdc,2021-05-25,0.3,uha,3890a5503e60,-85.0
rdc,2021-05-25,0.3,uha,3890a5505380,-83.0
rdc,2021-05-25,0.3,uha,3890a54ca360,-64.0
rdc,2021-05-25,0.3,uha,3890a5503e60,-84.0
rdc,2021-05-25,0.3,uha,3890a5600b40,-83.0
rdc,2021-05-25,0.3,uha,3890a5505380,-83.0
rdc,2021-05-25,0.3,uha,3890a54ca360,-65.0
rdc,2021-05-25,0.3,uha,3890a5505380,-84.0
rdc,2021-05-25,0.3,uha,3890a5505380,-82.0
rdc,2021-05-25,0.3,uha,3890a54ca360,-69.0
rdc,2021-05-25,0.3,uha,3890a5600b40,-90.0
rdc,2021-05-25,0.3,uha,3890a5503e60,-87.0
rdc,2021-05-25,0.3,uha,3890a5505380,-82.0
rdc,2021-05-25,0.3,uha,3890a5503e60,-86.0
rdc,2021-05-25,0.3,uha,3890a5600b40,-90.0
rdc,2021-05-25,0.3,uha,3890a54ca360,-68.0
rdc,2021-05-25,1.0,uha,3890a54ca360,-76.0
rdc,2021-05-25,1.0,uha,3890a54ca360,-76.0
rdc,2021-05-25,1.0,uha,3890a54ca360,-76.0
rdc,2021-05-25,1.0,uha,3890a54ca360,-77.0
rdc,2021-05-25,1.0,uha,3890a54ca360,-77.0
rdc,2021-05-25,1.0,uha,3890a54ca360,-75.0
rdc,2021-05-25,1.0,uha,3890a54ca360,-77.0
rdc,2021-05-25,1.0,uha,3890a54ca360,-77.0
rdc,2021-05-25,1.0,uha,3890a54ca360,-77.0
rdc,2021-05-25,1.0,uha,3890a54ca360,-77.0
rdc,2021-05-25,1.0,uha,3890a54ca360,-77.0
rdc,2021-05-25,1.0,uha,3890a54ca360,-76.0
rdc,2021-05-25,1.0,uha,3890a54ca360,-76.0
rdc,2021-05-25,1.0,uha,3890a54ca360,-75.0
rdc,2021-05-25,1.0,uha,3890a54ca360,-76.0
rdc,2021-05-25,1.0,uha,3890a54ca360,-76.0
rdc,2021-05-25,1.0,uha,3890a54ca360,-76.0
rdc,2021-05-25,1.0,uha,3890a54ca360,-75.0
rdc,2021-05-25,1.0,uha,3890a54ca360,-77.0
rdc,2021-05-25,1.0,uha,3890a54ca360,-77.0
rdc,2021-05-25,1.0,uha,3890a54ca360,-76.0
rdc,2021-05-25,1.0,uha,3890a54ca360,-77.0
rdc,2021-05-25,1.0,uha,3890a54ca360,-76.0
rdc,2021-05-25,1.0,uha,3890a54ca360,-76.0
rdc,2021-05-25,1.0,uha,3890a54ca360,-77.0
rdc,2021-05-25,1.0,uha,3890a54ca360,-77.0
rdc,2021-05-25,1.0,uha,3890a54ca360,-76.0
rdc,2021-05-25,1.0,uha,3890a54ca360,-77.0
rdc,2021-05-25,1.0,uha,3890a54ca360,-76.0
rdc,2021-05-25,1.0,uha,3890a54ca360,-76.0
rdc,2021-05-25,1.0,uha,3890a54ca360,-76.0
rdc,2021-05-25,1.0,uha,3890a54ca360,-76.0
rdc,2021-05-25,1.0,uha,3890a54ca360,-76.0
rdc,2021-05-25,1.0,uha,3890a54ca360,-76.0
rdc,2021-05-25,2.0,uha,3890a54ca360,-68.0
rdc,2021-05-25,2.0,uha,3890a5503e60,-84.0
rdc,2021-05-25,2.0,uha,3890a5505380,-91.0
rdc,2021-05-25,2.0,uha,3890a5600b40,-87.0
rdc,2021-05-25,2.0,uha,3890a5505380,-94.0
rdc,2021-05-25,2.0,uha,3890a5503e60,-87.0
rdc,2021-05-25,2.0,uha,3890a5503e60,-87.0
rdc,2021-05-25,2.0,uha,3890a5600b40,-89.0
rdc,2021-05-25,2.0,uha,3890a54ca360,-67.0
rdc,2021-05-25,2.0,uha,3890a5600b40,-92.0
rdc,2021-05-25,2.0,uha,3890a54ca360,-66.0
rdc,2021-05-25,2.0,uha,3890a5600b40,-81.0
rdc,2021-05-25,2.0,uha,3890a5505380,-94.0
rdc,2021-05-25,2.0,uha,3890a54ca360,-67.0
rdc,2021-05-25,2.0,uha,3890a5503e60,-84.0
rdc,2021-05-25,2.0,uha,3890a5600b40,-85.0
rdc,2021-05-25,2.0,uha,3890a5505380,-91.0
rdc,2021-05-25,2.0,uha,3890a5503e60,-83.0
rdc,2021-05-25,2.0,uha,3890a5503e60,-85.0
rdc,2021-05-25,2.0,uha,3890a5600b40,-87.0
rdc,2021-05-25,2.0,uha,3890a5505380,-91.0
rdc,2021-05-25,2.0,uha,3890a54ca360,-70.0
rdc,2021-05-25,2.0,uha,3890a54ca360,-66.0
rdc,2021-05-25,2.0,uha,3890a5503e60,-87.0
rdc,2021-05-25,2.0,uha,3890a54ca360,-67.0
rdc,2021-05-25,2.0,uha,3890a5505380,-94.0
rdc,2021-05-25,2.0,uha,3890a5503e60,-87.0
rdc,2021-05-25,2.0,uha,3890a5600b40,-87.0
rdc,2021-05-25,2.0,uha,3890a54ca360,-66.0
rdc,2021-05-25,2.0,uha,3890a5505380,-94.0
rdc,2021-05-25,2.0,uha,3890a5600b40,-90.0
rdc,2021-05-25,2.0,uha,3890a5503e60,-86.0
rdc,2021-05-25,2.0,uha,3890a54ca360,-65.0
rdc,2021-05-25,2.0,uha,3890a5600b40,-92.0
rdc,2021-05-25,2.1,uha,3890a54ca360,-73.0
rdc,2021-05-25,2.1,uha,3890a54ca360,-77.0
rdc,2021-05-25,2.1,uha,3890a54ca360,-76.0
rdc,2021-05-25,2.1,uha,3890a54ca360,-78.0
rdc,2021-05-25,2.1,uha,3890a54ca360,-77.0
rdc,2021-05-25,2.1,uha,3890a54ca360,-75.0
rdc,2021-05-25,2.1,uha,3890a54ca360,-74.0
rdc,2021-05-25,2.1,uha,3890a54ca360,-76.0
rdc,2021-05-25,2.1,uha,3890a54ca360,-77.0
rdc,2021-05-25,2.1,uha,3890a54ca360,-76.0
rdc,2021-05-25,2.1,uha,3890a54ca360,-77.0
rdc,2021-05-25,2.1,uha,3890a54ca360,-79.0
rdc,2021-05-25,2.1,uha,3890a54ca360,-73.0
rdc,2021-05-25,2.1,uha,3890a54ca360,-80.0
rdc,2021-05-25,2.1,uha,3890a54ca360,-76.0
rdc,2021-05-25,2.1,uha,3890a54ca360,-77.0
rdc,2021-05-25,2.1,uha,3890a54ca360,-76.0
rdc,2021-05-25,2.1,uha,3890a54ca360,-75.0
rdc,2021-05-25,2.1,uha,3890a54ca360,-77.0
rdc,2021-05-25,2.1,uha,3890a54ca360,-75.0
rdc,2021-05-25,2.1,uha,3890a54ca360,-74.0
rdc,2021-05-25,2.1,uha,3890a54ca360,-77.0
rdc,2021-05-25,2.1,uha,3890a54ca360,-76.0
rdc,2021-05-25,2.1,uha,3890a54ca360,-76.0
rdc,2021-05-25,2.1,uha,3890a54ca360,-76.0
rdc,2021-05-25,2.1,uha,3890a54ca360,-74.0
rdc,2021-05-25,2.1,uha,3890a54ca360,-78.0
rdc,2021-05-25,2.1,uha,3890a54ca360,-80.0
rdc,2021-05-25,2.1,uha,3890a54ca360,-77.0
rdc,2021-05-25,2.1,uha,3890a54ca360,-77.0
rdc,2021-05-25,2.1,uha,3890a54ca360,-77.0
rdc,2021-05-25,2.1,uha,3890a54ca360,-74.0
rdc,2021-05-25,2.1,uha,3890a54ca360,-76.0
rdc,2021-05-25,2.1,uha,3890a54ca360,-84.0
rdc,2021-05-25,3.0,uha,3890a54ca360,-69.0
rdc,2021-05-25,3.0,uha,3890a5600b40,-77.0
rdc,2021-05-25,3.0,uha,3890a54ca360,-71.0
rdc,2021-05-25,3.0,uha,3890a5503e60,-96.0
rdc,2021-05-25,3.0,uha,3890a5505380,-92.0
rdc,2021-05-25,3.0,uha,3890a5600b40,-78.0
rdc,2021-05-25,3.0,uha,3890a54ca360,-68.0
rdc,2021-05-25,3.0,uha,3890a5505380,-92.0
rdc,2021-05-25,3.0,uha,3890a5505380,-90.0
rdc,2021-05-25,3.0,uha,3890a54ca360,-65.0
rdc,2021-05-25,3.0,uha,3890a54ca360,-66.0
rdc,2021-05-25,3.0,uha,3890a5600b40,-78.0
rdc,2021-05-25,3.0,uha,3890a5505380,-89.0
rdc,2021-05-25,3.0,uha,3890a5600b40,-78.0
rdc,2021-05-25,3.0,uha,3890a54ca360,-70.0
rdc,2021-05-25,3.0,uha,3890a54ca360,-70.0
rdc,2021-05-25,3.0,uha,3890a5600b40,-79.0
rdc,2021-05-25,3.0,uha,3890a54ca360,-66.0
rdc,2021-05-25,3.0,uha,3890a5600b40,-79.0
rdc,2021-05-25,3.0,uha,3890a54ca360,-67.0
rdc,2021-05-25,3.0,uha,3890a5503e60,-95.0
rdc,2021-05-25,3.0,uha,3890a5505380,-91.0
rdc,2021-05-25,3.0,uha,3890a54ca360,-68.0
rdc,2021-05-25,3.0,uha,3890a5505380,-93.0
rdc,2021-05-25,3.0,uha,3890a5503e60,-94.0
rdc,2021-05-25,3.0,uha,3890a54ca360,-66.0
rdc,2021-05-25,3.0,uha,3890a5503e60,-94.0
rdc,2021-05-25,3.0,uha,3890a5505380,-90.0
rdc,2021-05-25,3.0,uha,3890a5600b40,-79.0
rdc,2021-05-25,3.0,uha,3890a5600b40,-79.0
rdc,2021-05-25,3.0,uha,3890a5505380,-90.0
rdc,2021-05-25,3.0,uha,3890a5600b40,-79.0
rdc,2021-05-25,3.0,uha,3890a54ca360,-68.0
rdc,2021-05-25,3.0,uha,3890a5600b40,-78.0
rdc,2021-05-25,3.1,uha,3890a54ca360,-60.0
rdc,2021-05-25,3.1,uha,3890a5505380,-83.0
rdc,2021-05-25,3.1,uha,3890a5600b40,-87.0
rdc,2021-05-25,3.1,uha,3890a54ca360,-62.0
rdc,2021-05-25,3.1,uha,3890a5600b40,-89.0
rdc,2021-05-25,3.1,uha,3890a5600b40,-87.0
rdc,2021-05-25,3.1,uha,3890a5505380,-82.0
rdc,2021-05-25,3.1,uha,3890a5600b40,-86.0
rdc,2021-05-25,3.1,uha,3890a54ca360,-61.0
rdc,2021-05-25,3.1,uha,3890a5505380,-84.0
rdc,2021-05-25,3.1,uha,3890a5600b40,-88.0
rdc,2021-05-25,3.1,uha,3890a54ca360,-60.0
rdc,2021-05-25,3.1,uha,3890a5505380,-82.0
rdc,2021-05-25,3.1,uha,3890a5505380,-82.0
rdc,2021-05-25,3.1,uha,3890a5505380,-81.0
rdc,2021-05-25,3.1,uha,3890a5600b40,-82.0
rdc,2021-05-25,3.1,uha,3890a5503e60,-94.0
rdc,2021-05-25,3.1,uha,3890a54ca360,-59.0
rdc,2021-05-25,3.1,uha,3890a5505380,-83.0
rdc,2021-05-25,3.1,uha,3890a5600b40,-86.0
rdc,2021-05-25,3.1,uha,3890a54ca360,-58.0
rdc,2021-05-25,3.1,uha,3890a5600b40,-86.0
rdc,2021-05-25,3.1,uha,3890a5600b40,-90.0
rdc,2021-05-25,3.1,uha,3890a54ca360,-61.0
rdc,2021-05-25,3.1,uha,3890a5505380,-81.0
rdc,2021-05-25,3.1,uha,3890a5600b40,-89.0
rdc,2021-05-25,3.1,uha,3890a54ca360,-59.0
rdc,2021-05-25,3.1,uha,3890a5505380,-82.0
rdc,2021-05-25,3.1,uha,3890a54ca360,-60.0
rdc,2021-05-25,3.1,uha,3890a54ca360,-60.0
rdc,2021-05-25,4.0,uha,3890a5503e60,-91.0
rdc,2021-05-25,4.0,uha,3890a54ca360,-59.0
rdc,2021-05-25,4.0,uha,3890a5600b40,-75.0
rdc,2021-05-25,4.0,uha,3890a54ca360,-57.0
rdc,2021-05-25,4.0,uha,3890a5600b40,-79.0
rdc,2021-05-25,4.0,uha,3890a5503e60,-95.0
rdc,2021-05-25,4.0,uha,3890a54ca360,-57.0
rdc,2021-05-25,4.0,uha,3890a5600b40,-79.0
rdc,2021-05-25,4.0,uha,3890a5503e60,-91.0
rdc,2021-05-25,4.0,uha,3890a5600b40,-74.0
rdc,2021-05-25,4.0,uha,3890a54ca360,-58.0
rdc,2021-05-25,4.0,uha,3890a5600b40,-78.0
rdc,2021-05-25,4.0,uha,3890a5503e60,-94.0
rdc,2021-05-25,4.0,uha,3890a5573840,-95.0
rdc,2021-05-25,4.0,uha,3890a54ca360,-59.0
rdc,2021-05-25,4.0,uha,3890a5600b40,-77.0
rdc,2021-05-25,4.0,uha,3890a5503e60,-94.0
rdc,2021-05-25,4.0,uha,3890a54ca360,-59.0
rdc,2021-05-25,4.0,uha,3890a5503e60,-98.0
rdc,2021-05-25,4.0,uha,3890a54ca360,-57.0
rdc,2021-05-25,4.0,uha,3890a5600b40,-79.0
rdc,2021-05-25,4.0,uha,3890a5503e60,-96.0
rdc,2021-05-25,4.0,uha,3890a5505380,-96.0
rdc,2021-05-25,4.0,uha,3890a54ca360,-60.0
rdc,2021-05-25,4.0,uha,3890a5600b40,-78.0
rdc,2021-05-25,4.0,uha,3890a5600b40,-79.0
rdc,2021-05-25,4.0,uha,3890a54ca360,-57.0
rdc,2021-05-25,4.0,uha,3890a54ca360,-57.0
rdc,2021-05-25,4.0,uha,3890a5600b40,-79.0
rdc,2021-05-25,4.0,uha,3890a5503e60,-94.0
rdc,2021-05-25,4.0,uha,3890a5600b40,-79.0
rdc,2021-05-25,4.0,uha,3890a5503e60,-92.0
rdc,2021-05-25,4.0,uha,3890a54ca360,-57.0
rdc,2021-05-25,4.1,uha,3890a54ca360,-54.0
rdc,2021-05-25,4.1,uha,3890a54ca360,-54.0
rdc,2021-05-25,4.1,uha,3890a54ca360,-53.0
rdc,2021-05-25,4.1,uha,3890a54ca360,-54.0
rdc,2021-05-25,4.1,uha,3890a54ca360,-54.0
rdc,2021-05-25,4.1,uha,3890a54ca360,-55.0
rdc,2021-05-25,4.1,uha,3890a54ca360,-55.0
rdc,2021-05-25,4.1,uha,3890a54ca360,-53.0
rdc,2021-05-25,4.1,uha,3890a54ca360,-55.0
rdc,2021-05-25,4.1,uha,3890a54ca360,-53.0
rdc,2021-05-25,4.1,uha,3890a54ca360,-53.0
rdc,2021-05-25,4.1,uha,3890a54ca360,-53.0
rdc,2021-05-25,4.1,uha,3890a54ca360,-54.0
rdc,2021-05-25,4.1,uha,3890a54ca360,-54.0
rdc,2021-05-25,4.1,uha,3890a54ca360,-53.0
rdc,2021-05-25,4.1,uha,3890a54ca360,-54.0
rdc,2021-05-25,4.1,uha,3890a54ca360,-53.0
rdc,2021-05-25,4.1,uha,3890a54ca360,-58.0
rdc,2021-05-25,4.1,uha,3890a54ca360,-55.0
rdc,2021-05-25,4.1,uha,3890a54ca360,-55.0
rdc,2021-05-25,4.1,uha,3890a54ca360,-56.0
rdc,2021-05-25,4.1,uha,3890a54ca360,-58.0
rdc,2021-05-25,4.1,uha,3890a54ca360,-58.0
rdc,2021-05-25,4.1,uha,3890a54ca360,-57.0
rdc,2021-05-25,4.1,uha,3890a54ca360,-57.0
rdc,2021-05-25,4.1,uha,3890a54ca360,-57.0
rdc,2021-05-25,4.1,uha,3890a54ca360,-57.0
rdc,2021-05-25,4.1,uha,3890a54ca360,-54.0
rdc,2021-05-25,4.1,uha,3890a54ca360,-55.0
rdc,2021-05-25,4.1,uha,3890a54ca360,-54.0
rdc,2021-05-25,4.1,uha,3890a54ca360,-53.0
rdc,2021-05-25,4.1,uha,3890a54ca360,-56.0
rdc,2021-05-25,4.1,uha,3890a54ca360,-54.0
rdc,2021-05-25,4.1,uha,3890a54ca360,-56.0
rdc,2021-05-25,5.0,uha,3890a5505380,-83.0
rdc,2021-05-25,5.0,uha,3890a5600b40,-84.0
rdc,2021-05-25,5.0,uha,3890a5503e60,-85.0
rdc,2021-05-25,5.0,uha,3890a5298a00,-92.0
rdc,2021-05-25,5.0,uha,3890a549a1e0,-94.0
rdc,2021-05-25,5.0,uha,3890a54ca360,-55.0
rdc,2021-05-25,5.0,uha,3890a5505380,-84.0
rdc,2021-05-25,5.0,uha,3890a5600b40,-84.0
rdc,2021-05-25,5.0,uha,3890a5503e60,-84.0
rdc,2021-05-25,5.0,uha,3890a54ca360,-54.0
rdc,2021-05-25,5.0,uha,3890a5505380,-86.0
rdc,2021-05-25,5.0,uha,3890a54ca360,-55.0
rdc,2021-05-25,5.0,uha,3890a5503e60,-83.0
rdc,2021-05-25,5.0,uha,3890a5505380,-84.0
rdc,2021-05-25,5.0,uha,3890a5600b40,-86.0
rdc,2021-05-25,5.0,uha,3890a54ca360,-55.0
rdc,2021-05-25,5.0,uha,3890a5503e60,-84.0
rdc,2021-05-25,5.0,uha,3890a5600b40,-85.0
rdc,2021-05-25,5.0,uha,3890a5505380,-88.0
rdc,2021-05-25,5.0,uha,3890a5573840,-91.0
rdc,2021-05-25,5.0,uha,3890a549a1e0,-96.0
rdc,2021-05-25,5.0,uha,3890a54ca360,-55.0
rdc,2021-05-25,5.0,uha,3890a5505380,-81.0
rdc,2021-05-25,5.0,uha,3890a5503e60,-86.0
rdc,2021-05-25,5.0,uha,3890a5600b40,-86.0
rdc,2021-05-25,5.0,uha,3890a5573840,-88.0
rdc,2021-05-25,5.0,uha,3890a549a1e0,-94.0
rdc,2021-05-25,5.0,uha,3890a549a1e0,-93.0
rdc,2021-05-25,5.0,uha,3890a5600b40,-85.0
rdc,2021-05-25,5.0,uha,3890a54ca360,-52.0
rdc,2021-05-25,5.0,uha,3890a5505380,-85.0
rdc,2021-05-25,5.0,uha,3890a5503e60,-85.0
rdc,2021-05-25,5.0,uha,3890a5600b40,-85.0
rdc,2021-05-25,5.0,uha,3890a5503e60,-81.0
rdc,2021-05-25,5.0,uha,3890a54ca360,-57.0
rdc,2021-05-25,5.0,uha,3890a549a1e0,-94.0
rdc,2021-05-25,5.0,uha,3890a5573840,-93.0
rdc,2021-05-25,5.1,uha,3890a5505380,-82.0
rdc,2021-05-25,5.1,uha,3890a54ca360,-70.0
rdc,2021-05-25,5.1,uha,3890a5600b40,-90.0
rdc,2021-05-25,5.1,uha,3890a5573840,-94.0
rdc,2021-05-25,5.1,uha,3890a5298a00,-93.0
rdc,2021-05-25,5.1,uha,3890a5600b40,-92.0
rdc,2021-05-25,5.1,uha,3890a5505380,-83.0
rdc,2021-05-25,5.1,uha,3890a54ca360,-58.0
rdc,2021-05-25,5.1,uha,3890a5298a00,-96.0
rdc,2021-05-25,5.1,uha,3890a5298a00,-95.0
rdc,2021-05-25,5.1,uha,3890a5573840,-93.0
rdc,2021-05-25,5.1,uha,3890a5600b40,-90.0
rdc,2021-05-25,5.1,uha,3890a5505380,-82.0
rdc,2021-05-25,5.1,uha,3890a54ca360,-62.0
rdc,2021-05-25,5.1,uha,3890a5573840,-95.0
rdc,2021-05-25,5.1,uha,3890a5503e60,-94.0
rdc,2021-05-25,5.1,uha,3890a5298a00,-94.0
rdc,2021-05-25,5.1,uha,3890a5298a00,-93.0
rdc,2021-05-25,5.1,uha,3890a5573840,-90.0
rdc,2021-05-25,5.1,uha,3890a5505380,-83.0
rdc,2021-05-25,5.1,uha,3890a54ca360,-60.0
rdc,2021-05-25,5.1,uha,3890a54ca360,-63.0
rdc,2021-05-25,5.1,uha,3890a5298a00,-94.0
rdc,2021-05-25,5.1,uha,3890a5573840,-92.0
rdc,2021-05-25,5.1,uha,3890a5505380,-82.0
rdc,2021-05-25,5.1,uha,3890a54ca360,-60.0
rdc,2021-05-25,5.1,uha,3890a5573840,-93.0
rdc,2021-05-25,5.1,uha,3890a5505380,-85.0
rdc,2021-05-25,5.1,uha,3890a54ca360,-61.0
rdc,2021-05-25,5.1,uha,3890a5573840,-94.0
rdc,2021-05-25,5.1,uha,3890a5505380,-84.0
rdc,2021-05-25,5.1,uha,3890a5600b40,-88.0
rdc,2021-05-25,5.1,uha,3890a5298a00,-92.0
rdc,2021-05-25,5.1,uha,3890a5503e60,-91.0
rdc,2021-05-25,5.2,uha,3890a54ca360,-64.0
rdc,2021-05-25,5.2,uha,3890a54ca360,-64.0
rdc,2021-05-25,5.2,uha,3890a54ca360,-66.0
rdc,2021-05-25,5.2,uha,3890a54ca360,-63.0
rdc,2021-05-25,5.2,uha,3890a54ca360,-63.0
rdc,2021-05-25,5.2,uha,3890a54ca360,-64.0
rdc,2021-05-25,5.2,uha,3890a54ca360,-64.0
rdc,2021-05-25,5.2,uha,3890a54ca360,-63.0
rdc,2021-05-25,5.2,uha,3890a54ca360,-63.0
rdc,2021-05-25,5.2,uha,3890a54ca360,-64.0
rdc,2021-05-25,5.2,uha,3890a54ca360,-65.0
rdc,2021-05-25,5.2,uha,3890a54ca360,-63.0
rdc,2021-05-25,5.2,uha,3890a54ca360,-67.0
rdc,2021-05-25,5.2,uha,3890a54ca360,-64.0
rdc,2021-05-25,5.2,uha,3890a54ca360,-62.0
rdc,2021-05-25,5.2,uha,3890a54ca360,-64.0
rdc,2021-05-25,5.2,uha,3890a54ca360,-64.0
rdc,2021-05-25,5.2,uha,3890a54ca360,-64.0
rdc,2021-05-25,5.2,uha,3890a54ca360,-65.0
rdc,2021-05-25,5.2,uha,3890a54ca360,-64.0
rdc,2021-05-25,5.2,uha,3890a54ca360,-67.0
rdc,2021-05-25,5.2,uha,3890a54ca360,-66.0
rdc,2021-05-25,5.2,uha,3890a54ca360,-67.0
rdc,2021-05-25,5.2,uha,3890a54ca360,-64.0
rdc,2021-05-25,5.2,uha,3890a54ca360,-65.0
rdc,2021-05-25,5.2,uha,3890a54ca360,-65.0
rdc,2021-05-25,5.2,uha,3890a54ca360,-65.0
rdc,2021-05-25,5.2,uha,3890a54ca360,-65.0
rdc,2021-05-25,5.2,uha,3890a54ca360,-63.0
rdc,2021-05-25,5.2,uha,3890a54ca360,-66.0
rdc,2021-05-25,5.2,uha,3890a54ca360,-62.0
rdc,2021-05-25,5.2,uha,3890a54ca360,-65.0
rdc,2021-05-25,5.2,uha,3890a54ca360,-66.0
rdc,2021-05-25,5.2,uha,3890a54ca360,-67.0
rdc,2021-05-25,6.0,uha,3890a5298a00,-93.0
rdc,2021-05-25,6.0,uha,3890a549a1e0,-93.0
rdc,2021-05-25,6.0,uha,3890a54ca360,-73.0
rdc,2021-05-25,6.0,uha,3890a5600b40,-89.0
rdc,2021-05-25,6.0,uha,3890a5503e60,-87.0
rdc,2021-05-25,6.0,uha,3890a5600b40,-91.0
rdc,2021-05-25,6.0,uha,3890a5298a00,-92.0
rdc,2021-05-25,6.0,uha,3890a5573840,-92.0
rdc,2021-05-25,6.0,uha,3890a5573840,-89.0
rdc,2021-05-25,6.0,uha,3890a5503e60,-85.0
rdc,2021-05-25,6.0,uha,3890a5503e60,-93.0
rdc,2021-05-25,6.0,uha,3890a5503e60,-87.0
rdc,2021-05-25,6.0,uha,3890a5600b40,-89.0
rdc,2021-05-25,6.0,uha,3890a5573840,-93.0
rdc,2021-05-25,6.0,uha,3890a5505380,-93.0
rdc,2021-05-25,6.0,uha,3890a5298a00,-94.0
rdc,2021-05-25,6.0,uha,3890a549a1e0,-96.0
rdc,2021-05-25,6.0,uha,3890a54ca360,-73.0
rdc,2021-05-25,6.0,uha,3890a549a1e0,-96.0
rdc,2021-05-25,6.0,uha,3890a54ca360,-74.0
rdc,2021-05-25,6.0,uha,3890a5503e60,-94.0
rdc,2021-05-25,6.0,uha,3890a5298a00,-95.0
rdc,2021-05-25,6.0,uha,3890a549a1e0,-93.0
rdc,2021-05-25,6.0,uha,3890a5573840,-91.0
rdc,2021-05-25,6.0,uha,3890a5298a00,-91.0
rdc,2021-05-25,6.0,uha,3890a5505380,-86.0
rdc,2021-05-25,6.0,uha,3890a54ca360,-72.0
rdc,2021-05-25,6.0,uha,3890a5600b40,-92.0
rdc,2021-05-25,6.0,uha,3890a549a1e0,-93.0
rdc,2021-05-25,6.0,uha,3890a5573840,-90.0
rdc,2021-05-25,6.0,uha,3890a5600b40,-91.0
rdc,2021-05-25,6.0,uha,3890a54ca360,-74.0
rdc,2021-05-25,6.0,uha,3890a5600b40,-89.0
rdc,2021-05-25,6.0,uha,3890a5503e60,-90.0
rdc,2021-05-25,6.0,uha,3890a5573840,-91.0
rdc,2021-05-25,6.0,uha,3890a5298a00,-92.0
rdc,2021-05-25,6.0,uha,3890a549a1e0,-93.0
rdc,2021-05-25,6.0,uha,3890a5505380,-88.0
rdc,2021-05-25,6.0,uha,3890a54ca360,-74.0
rdc,2021-05-25,6.1,uha,3890a5298a00,-94.0
rdc,2021-05-25,6.1,uha,3890a549a1e0,-93.0
rdc,2021-05-25,6.1,uha,3890a5600b40,-95.0
rdc,2021-05-25,6.1,uha,3890a54ca360,-70.0
rdc,2021-05-25,6.1,uha,3890a5573840,-86.0
rdc,2021-05-25,6.1,uha,3890a5503e60,-81.0
rdc,2021-05-25,6.1,uha,3890a54ca360,-76.0
rdc,2021-05-25,6.1,uha,3890a5298a00,-94.0
rdc,2021-05-25,6.1,uha,3890a5505380,-93.0
rdc,2021-05-25,6.1,uha,3890a5505380,-85.0
rdc,2021-05-25,6.1,uha,3890a549a1e0,-92.0
rdc,2021-05-25,6.1,uha,3890a5600b40,-92.0
rdc,2021-05-25,6.1,uha,3890a5298a00,-92.0
rdc,2021-05-25,6.1,uha,3890a549a1e0,-91.0
rdc,2021-05-25,6.1,uha,3890a5505380,-91.0
rdc,2021-05-25,6.1,uha,3890a5573840,-88.0
rdc,2021-05-25,6.1,uha,3890a5503e60,-85.0
rdc,2021-05-25,6.1,uha,3890a54ca360,-74.0
rdc,2021-05-25,6.1,uha,3890a5298a00,-94.0
rdc,2021-05-25,6.1,uha,3890a549a1e0,-90.0
rdc,2021-05-25,6.1,uha,3890a5573840,-89.0
rdc,2021-05-25,6.1,uha,3890a5503e60,-88.0
rdc,2021-05-25,6.1,uha,3890a5503e60,-90.0
rdc,2021-05-25,6.1,uha,3890a54ca360,-80.0
rdc,2021-05-25,6.1,uha,3890a5298a00,-95.0
rdc,2021-05-25,6.1,uha,3890a549a1e0,-93.0
rdc,2021-05-25,6.1,uha,3890a5573840,-87.0
rdc,2021-05-25,6.1,uha,3890a5503e60,-85.0
rdc,2021-05-25,6.1,uha,3890a54ca360,-69.0
rdc,2021-05-25,6.1,uha,3890a5505380,-84.0
rdc,2021-05-25,6.1,uha,3890a5505380,-95.0
rdc,2021-05-25,6.1,uha,3890a5573840,-85.0
rdc,2021-05-25,6.1,uha,3890a5503e60,-85.0
rdc,2021-05-25,6.1,uha,3890a54ca360,-78.0
rdc,2021-05-25,6.1,uha,3890a5600b40,-95.0
rdc,2021-05-25,6.1,uha,3890a5298a00,-94.0
rdc,2021-05-25,6.1,uha,3890a549a1e0,-92.0
rdc,2021-05-25,6.1,uha,3890a5573840,-87.0
rdc,2021-05-25,7.0,uha,3890a54ca360,-72.0
rdc,2021-05-25,7.0,uha,3890a5298a00,-96.0
rdc,2021-05-25,7.0,uha,3890a54ca360,-72.0
rdc,2021-05-25,7.0,uha,3890a54ca360,-73.0
rdc,2021-05-25,7.0,uha,3890a54ca360,-75.0
rdc,2021-05-25,7.0,uha,3890a54ca360,-75.0
rdc,2021-05-25,7.0,uha,3890a54ca360,-75.0
rdc,2021-05-25,7.0,uha,3890a5298a00,-95.0
rdc,2021-05-25,7.0,uha,3890a54ca360,-75.0
rdc,2021-05-25,7.0,uha,3890a54ca360,-75.0
rdc,2021-05-25,7.0,uha,3890a54ca360,-75.0
rdc,2021-05-25,7.0,uha,3890a54ca360,-75.0
rdc,2021-05-25,7.0,uha,3890a54ca360,-75.0
rdc,2021-05-25,7.0,uha,3890a54ca360,-71.0
rdc,2021-05-25,7.0,uha,3890a54ca360,-74.0
rdc,2021-05-25,7.0,uha,3890a54ca360,-74.0
rdc,2021-05-25,7.0,uha,3890a54ca360,-75.0
rdc,2021-05-25,7.0,uha,3890a54ca360,-75.0
rdc,2021-05-25,7.0,uha,3890a54ca360,-75.0
rdc,2021-05-25,7.0,uha,3890a54ca360,-75.0
rdc,2021-05-25,7.0,uha,3890a54ca360,-75.0
rdc,2021-05-25,7.0,uha,3890a54ca360,-75.0
rdc,2021-05-25,7.0,uha,3890a54ca360,-76.0
rdc,2021-05-25,7.0,uha,3890a54ca360,-75.0
rdc,2021-05-25,7.0,uha,3890a54ca360,-74.0
rdc,2021-05-25,7.0,uha,3890a54ca360,-73.0
rdc,2021-05-25,7.0,uha,3890a54ca360,-74.0
rdc,2021-05-25,7.0,uha,3890a54ca360,-75.0
rdc,2021-05-25,7.0,uha,3890a54ca360,-75.0
rdc,2021-05-25,7.0,uha,3890a54ca360,-74.0
rdc,2021-05-25,7.0,uha,3890a54ca360,-75.0
rdc,2021-05-25,7.0,uha,3890a54ca360,-75.0
rdc,2021-05-25,7.0,uha,3890a54ca360,-74.0
rdc,2021-05-25,7.0,uha,3890a54ca360,-74.0
rdc,2021-05-25,7.1,uha,3890a549a1e0,-88.0
rdc,2021-05-25,7.1,uha,3890a5298a00,-91.0
rdc,2021-05-25,7.1,uha,3890a54ca360,-87.0
rdc,2021-05-25,7.1,uha,3890a5298a00,-92.0
rdc,2021-05-25,7.1,uha,3890a54ca360,-87.0
rdc,2021-05-25,7.1,uha,3890a549a1e0,-86.0
rdc,2021-05-25,7.1,uha,3890a5505380,-75.0
rdc,2021-05-25,7.1,uha,3890a5503e60,-74.0
rdc,2021-05-25,7.1,uha,3890a5298a00,-93.0
rdc,2021-05-25,7.1,uha,3890a54ca360,-91.0
rdc,2021-05-25,7.1,uha,3890a5573840,-90.0
rdc,2021-05-25,7.1,uha,3890a5503e60,-72.0
rdc,2021-05-25,7.1,uha,3890a549a1e0,-85.0
rdc,2021-05-25,7.1,uha,3890a54ca360,-85.0
rdc,2021-05-25,7.1,uha,3890a5503e60,-73.0
rdc,2021-05-25,7.1,uha,3890a5573840,-92.0
rdc,2021-05-25,7.1,uha,3890a5298a00,-92.0
rdc,2021-05-25,7.1,uha,3890a54ca360,-87.0
rdc,2021-05-25,7.1,uha,3890a549a1e0,-86.0
rdc,2021-05-25,7.1,uha,3890a5505380,-76.0
rdc,2021-05-25,7.1,uha,3890a549a1e0,-86.0
rdc,2021-05-25,7.1,uha,3890a5573840,-90.0
rdc,2021-05-25,7.1,uha,3890a549a1e0,-84.0
rdc,2021-05-25,7.1,uha,3890a54ca360,-83.0
rdc,2021-05-25,7.1,uha,3890a5505380,-74.0
rdc,2021-05-25,7.1,uha,3890a5503e60,-68.0
rdc,2021-05-25,7.1,uha,3890a5298a00,-92.0
rdc,2021-05-25,7.1,uha,3890a5573840,-92.0
rdc,2021-05-25,7.1,uha,3890a5503e60,-73.0
rdc,2021-05-25,7.1,uha,3890a5298a00,-92.0
rdc,2021-05-25,7.1,uha,3890a5503e60,-71.0
rdc,2021-05-25,7.1,uha,3890a5503e60,-68.0
rdc,2021-05-25,7.1,uha,3890a5505380,-71.0
rdc,2021-05-25,7.1,uha,3890a5600b40,-96.0
rdc,2021-05-25,7.1,uha,3890a5573840,-91.0
rdc,2021-05-25,7.1,uha,3890a5298a00,-94.0
rdc,2021-05-25,7.1,uha,3890a54ca360,-89.0
rdc,2021-05-25,7.1,uha,3890a549a1e0,-86.0
rdc,2021-05-25,7.1,uha,3890a5505380,-72.0
rdc,2021-05-25,8.0,uha,3890a549a1e0,-68.0
rdc,2021-05-25,8.0,uha,3890a5503e60,-78.0
rdc,2021-05-25,8.0,uha,3890a54ca360,-74.0
rdc,2021-05-25,8.0,uha,3890a5600b40,-94.0
rdc,2021-05-25,8.0,uha,3890a5505380,-88.0
rdc,2021-05-25,8.0,uha,3890a5573840,-85.0
rdc,2021-05-25,8.0,uha,3890a5503e60,-80.0
rdc,2021-05-25,8.0,uha,3890a54ca360,-74.0
rdc,2021-05-25,8.0,uha,3890a549a1e0,-68.0
rdc,2021-05-25,8.0,uha,3890a5505380,-83.0
rdc,2021-05-25,8.0,uha,3890a5600b40,-93.0
rdc,2021-05-25,8.0,uha,3890a5573840,-85.0
rdc,2021-05-25,8.0,uha,3890a5505380,-82.0
rdc,2021-05-25,8.0,uha,3890a54ca360,-78.0
rdc,2021-05-25,8.0,uha,3890a5503e60,-77.0
rdc,2021-05-25,8.0,uha,3890a549a1e0,-71.0
rdc,2021-05-25,8.0,uha,3890a5298a00,-96.0
rdc,2021-05-25,8.0,uha,3890a5600b40,-93.0
rdc,2021-05-25,8.0,uha,3890a5573840,-87.0
rdc,2021-05-25,8.0,uha,3890a54ca360,-75.0
rdc,2021-05-25,8.0,uha,3890a549a1e0,-73.0
rdc,2021-05-25,8.0,uha,3890a5600b40,-94.0
rdc,2021-05-25,8.0,uha,3890a5573840,-86.0
rdc,2021-05-25,8.0,uha,3890a5503e60,-79.0
rdc,2021-05-25,8.0,uha,3890a54ca360,-76.0
rdc,2021-05-25,8.0,uha,3890a549a1e0,-70.0
rdc,2021-05-25,8.0,uha,3890a5503e60,-82.0
rdc,2021-05-25,8.0,uha,3890a5505380,-84.0
rdc,2021-05-25,8.0,uha,3890a5600b40,-94.0
rdc,2021-05-25,8.0,uha,3890a5298a00,-93.0
rdc,2021-05-25,8.0,uha,3890a5573840,-88.0
rdc,2021-05-25,8.0,uha,3890a5505380,-83.0
rdc,2021-05-25,8.0,uha,3890a54ca360,-74.0
rdc,2021-05-25,8.0,uha,3890a549a1e0,-66.0
rdc,2021-05-25,8.0,uha,3890a5298a00,-96.0
rdc,2021-05-25,8.0,uha,3890a5600b40,-95.0
rdc,2021-05-25,8.0,uha,3890a5573840,-87.0
rdc,2021-05-25,8.0,uha,3890a5503e60,-80.0
rdc,2021-05-25,8.0,uha,3890a5505380,-86.0
rdc,2021-05-25,8.0,uha,3890a5298a00,-95.0
rdc,2021-05-25,8.1,uha,3890a54ca360,-87.0
rdc,2021-05-25,8.1,uha,3890a5298a00,-92.0
rdc,2021-05-25,8.1,uha,3890a5573840,-94.0
rdc,2021-05-25,8.1,uha,3890a5600b40,-96.0
rdc,2021-05-25,8.1,uha,3890a549a1e0,-72.0
rdc,2021-05-25,8.1,uha,3890a5503e60,-80.0
rdc,2021-05-25,8.1,uha,3890a5505380,-85.0
rdc,2021-05-25,8.1,uha,3890a5505380,-84.0
rdc,2021-05-25,8.1,uha,3890a5503e60,-77.0
rdc,2021-05-25,8.1,uha,3890a5505380,-85.0
rdc,2021-05-25,8.1,uha,3890a54ca360,-88.0
rdc,2021-05-25,8.1,uha,3890a5298a00,-92.0
rdc,2021-05-25,8.1,uha,3890a5600b40,-95.0
rdc,2021-05-25,8.1,uha,3890a549a1e0,-75.0
rdc,2021-05-25,8.1,uha,3890a5503e60,-75.0
rdc,2021-05-25,8.1,uha,3890a5573840,-92.0
rdc,2021-05-25,8.1,uha,3890a5298a00,-92.0
rdc,2021-05-25,8.1,uha,3890a5573840,-92.0
rdc,2021-05-25,8.1,uha,3890a54ca360,-89.0
rdc,2021-05-25,8.1,uha,3890a5298a00,-92.0
rdc,2021-05-25,8.1,uha,3890a54ca360,-88.0
rdc,2021-05-25,8.1,uha,3890a54ca360,-93.0
rdc,2021-05-25,8.1,uha,3890a5298a00,-92.0
rdc,2021-05-25,8.1,uha,3890a54ca360,-88.0
rdc,2021-05-25,8.1,uha,3890a5298a00,-91.0
rdc,2021-05-25,8.1,uha,3890a54ca360,-89.0
rdc,2021-05-25,8.1,uha,3890a5298a00,-92.0
rdc,2021-05-25,8.1,uha,3890a5600b40,-95.0
rdc,2021-05-25,8.1,uha,3890a54ca360,-89.0
rdc,2021-05-25,8.1,uha,3890a54ca360,-92.0
rdc,2021-05-25,8.1,uha,3890a5298a00,-93.0
rdc,2021-05-25,8.1,uha,3890a54ca360,-94.0
rdc,2021-05-25,8.1,uha,3890a5298a00,-94.0
rdc,2021-05-25,8.1,uha,3890a5298a00,-92.0
rdc,2021-05-25,8.1,uha,3890a549a1e0,-70.0
rdc,2021-05-25,8.1,uha,3890a54ca360,-88.0
rdc,2021-05-25,9.0,uha,3890a5600b40,-96.0
rdc,2021-05-25,9.0,uha,3890a5503e60,-76.0
rdc,2021-05-25,9.0,uha,3890a549a1e0,-90.0
rdc,2021-05-25,9.0,uha,3890a5298a00,-91.0
rdc,2021-05-25,9.0,uha,3890a5600b40,-93.0
rdc,2021-05-25,9.0,uha,3890a5505380,-75.0
rdc,2021-05-25,9.0,uha,3890a5503e60,-76.0
rdc,2021-05-25,9.0,uha,3890a5298a00,-91.0
rdc,2021-05-25,9.0,uha,3890a549a1e0,-91.0
rdc,2021-05-25,9.0,uha,3890a5600b40,-94.0
rdc,2021-05-25,9.0,uha,3890a549a1e0,-93.0
rdc,2021-05-25,9.0,uha,3890a549a1e0,-91.0
rdc,2021-05-25,9.0,uha,3890a54ca360,-92.0
rdc,2021-05-25,9.0,uha,3890a5298a00,-92.0
rdc,2021-05-25,9.0,uha,3890a5600b40,-94.0
rdc,2021-05-25,9.0,uha,3890a5505380,-74.0
rdc,2021-05-25,9.0,uha,3890a5503e60,-74.0
rdc,2021-05-25,9.0,uha,3890a5505380,-87.0
rdc,2021-05-25,9.0,uha,3890a5298a00,-90.0
rdc,2021-05-25,9.0,uha,3890a5503e60,-81.0
rdc,2021-05-25,9.0,uha,3890a54ca360,-93.0
rdc,2021-05-25,9.0,uha,3890a549a1e0,-91.0
rdc,2021-05-25,9.0,uha,3890a5298a00,-91.0
rdc,2021-05-25,9.0,uha,3890a54ca360,-91.0
rdc,2021-05-25,9.0,uha,3890a5503e60,-72.0
rdc,2021-05-25,9.0,uha,3890a54ca360,-93.0
rdc,2021-05-25,9.0,uha,3890a5600b40,-93.0
rdc,2021-05-25,9.0,uha,3890a5505380,-74.0
rdc,2021-05-25,9.0,uha,3890a5298a00,-94.0
rdc,2021-05-25,9.0,uha,3890a5503e60,-73.0
rdc,2021-05-25,9.0,uha,3890a5505380,-75.0
rdc,2021-05-25,9.0,uha,3890a549a1e0,-89.0
rdc,2021-05-25,9.0,uha,3890a54ca360,-92.0
rdc,2021-05-25,9.0,uha,3890a5298a00,-92.0
rdc,2021-05-25,9.0,uha,3890a5505380,-73.0
rdc,2021-05-25,9.0,uha,3890a549a1e0,-90.0
rdc,2021-05-25,9.0,uha,3890a5600b40,-95.0
rdc,2021-05-25,9.0,uha,3890a5503e60,-68.0
rdc,2021-05-25,9.1,uha,3890a54ca360,-84.0
rdc,2021-05-25,9.1,uha,3890a54ca360,-85.0
rdc,2021-05-25,9.1,uha,3890a5298a00,-89.0
rdc,2021-05-25,9.1,uha,3890a54ca360,-86.0
rdc,2021-05-25,9.1,uha,3890a54ca360,-85.0
rdc,2021-05-25,9.1,uha,3890a5298a00,-91.0
rdc,2021-05-25,9.1,uha,3890a5298a00,-89.0
rdc,2021-05-25,9.1,uha,3890a54ca360,-86.0
rdc,2021-05-25,9.1,uha,3890a5298a00,-90.0
rdc,2021-05-25,9.1,uha,3890a54ca360,-84.0
rdc,2021-05-25,9.1,uha,3890a5298a00,-91.0
rdc,2021-05-25,9.1,uha,3890a54ca360,-83.0
rdc,2021-05-25,9.1,uha,3890a5298a00,-89.0
rdc,2021-05-25,9.1,uha,3890a54ca360,-84.0
rdc,2021-05-25,9.1,uha,3890a5298a00,-83.0
rdc,2021-05-25,9.1,uha,3890a5298a00,-88.0
rdc,2021-05-25,9.1,uha,3890a54ca360,-84.0
rdc,2021-05-25,9.1,uha,3890a5298a00,-89.0
rdc,2021-05-25,9.1,uha,3890a54ca360,-83.0
rdc,2021-05-25,9.1,uha,3890a5298a00,-88.0
rdc,2021-05-25,9.1,uha,3890a54ca360,-85.0
rdc,2021-05-25,9.1,uha,3890a5298a00,-89.0
rdc,2021-05-25,9.1,uha,3890a54ca360,-85.0
rdc,2021-05-25,9.1,uha,3890a54ca360,-85.0
rdc,2021-05-25,9.1,uha,3890a54ca360,-85.0
rdc,2021-05-25,9.1,uha,3890a5298a00,-89.0
rdc,2021-05-25,9.1,uha,3890a54ca360,-84.0
rdc,2021-05-25,9.1,uha,3890a5298a00,-88.0
rdc,2021-05-25,9.1,uha,3890a54ca360,-84.0
rdc,2021-05-25,9.1,uha,3890a5298a00,-89.0
rdc,2021-05-25,9.1,uha,3890a54ca360,-84.0
rdc,2021-05-25,9.1,uha,3890a5298a00,-89.0
rdc,2021-05-25,9.1,uha,3890a54ca360,-84.0
rdc,2021-05-25,9.1,uha,3890a5298a00,-88.0
rdc,2021-05-25,9.1,uha,3890a54ca360,-84.0
rdc,2021-05-25,10.0,uha,3890a5503e60,-60.0
rdc,2021-05-25,10.0,uha,3890a5505380,-76.0
rdc,2021-05-25,10.0,uha,3890a5600b40,-91.0
rdc,2021-05-25,10.0,uha,3890a5503e60,-61.0
rdc,2021-05-25,10.0,uha,3890a5505380,-76.0
rdc,2021-05-25,10.0,uha,3890a54ca360,-87.0
rdc,2021-05-25,10.0,uha,3890a5600b40,-89.0
rdc,2021-05-25,10.0,uha,3890a5503e60,-61.0
rdc,2021-05-25,10.0,uha,3890a5505380,-76.0
rdc,2021-05-25,10.0,uha,3890a5298a00,-85.0
rdc,2021-05-25,10.0,uha,3890a54ca360,-86.0
rdc,2021-05-25,10.0,uha,3890a5298a00,-85.0
rdc,2021-05-25,10.0,uha,3890a5600b40,-89.0
rdc,2021-05-25,10.0,uha,3890a5503e60,-58.0
rdc,2021-05-25,10.0,uha,3890a5505380,-76.0
rdc,2021-05-25,10.0,uha,3890a5298a00,-84.0
rdc,2021-05-25,10.0,uha,3890a54ca360,-87.0
rdc,2021-05-25,10.0,uha,3890a5600b40,-90.0
rdc,2021-05-25,10.0,uha,3890a5503e60,-60.0
rdc,2021-05-25,10.0,uha,3890a5505380,-76.0
rdc,2021-05-25,10.0,uha,3890a5298a00,-85.0
rdc,2021-05-25,10.0,uha,3890a54ca360,-83.0
rdc,2021-05-25,10.0,uha,3890a5505380,-76.0
rdc,2021-05-25,10.0,uha,3890a5503e60,-61.0
rdc,2021-05-25,10.0,uha,3890a5505380,-76.0
rdc,2021-05-25,10.0,uha,3890a54ca360,-88.0
rdc,2021-05-25,10.0,uha,3890a5503e60,-59.0
rdc,2021-05-25,10.0,uha,3890a5298a00,-85.0
rdc,2021-05-25,10.0,uha,3890a5600b40,-92.0
rdc,2021-05-25,10.0,uha,3890a54ca360,-87.0
rdc,2021-05-25,10.0,uha,3890a5600b40,-93.0
rdc,2021-05-25,10.0,uha,3890a5503e60,-61.0
rdc,2021-05-25,10.0,uha,3890a5505380,-76.0
rdc,2021-05-25,10.0,uha,3890a54ca360,-86.0
rdc,2021-05-25,10.0,uha,3890a5298a00,-86.0
rdc,2021-05-25,10.0,uha,3890a5600b40,-89.0
rdc,2021-05-25,10.0,uha,3890a5298a00,-87.0
rdc,2021-05-25,10.0,uha,3890a54ca360,-86.0
rdc,2021-05-25,10.0,uha,3890a5298a00,-86.0
rdc,2021-05-25,10.0,uha,3890a5600b40,-90.0
rdc,2021-05-25,10.1,uha,3890a5505380,-73.0
rdc,2021-05-25,10.1,uha,3890a5503e60,-57.0
rdc,2021-05-25,10.1,uha,3890a5298a00,-83.0
rdc,2021-05-25,10.1,uha,3890a5505380,-73.0
rdc,2021-05-25,10.1,uha,3890a5503e60,-57.0
rdc,2021-05-25,10.1,uha,3890a54ca360,-95.0
rdc,2021-05-25,10.1,uha,3890a5298a00,-84.0
rdc,2021-05-25,10.1,uha,3890a5298a00,-85.0
rdc,2021-05-25,10.1,uha,3890a5298a00,-84.0
rdc,2021-05-25,10.1,uha,3890a5505380,-73.0
rdc,2021-05-25,10.1,uha,3890a5503e60,-56.0
rdc,2021-05-25,10.1,uha,3890a5505380,-74.0
rdc,2021-05-25,10.1,uha,3890a5503e60,-57.0
rdc,2021-05-25,10.1,uha,3890a54ca360,-93.0
rdc,2021-05-25,10.1,uha,3890a5298a00,-84.0
rdc,2021-05-25,10.1,uha,3890a5505380,-73.0
rdc,2021-05-25,10.1,uha,3890a5503e60,-57.0
rdc,2021-05-25,10.1,uha,3890a5298a00,-84.0
rdc,2021-05-25,10.1,uha,3890a5505380,-73.0
rdc,2021-05-25,10.1,uha,3890a5298a00,-84.0
rdc,2021-05-25,10.1,uha,3890a5503e60,-58.0
rdc,2021-05-25,10.1,uha,3890a5505380,-73.0
rdc,2021-05-25,10.1,uha,3890a5503e60,-57.0
rdc,2021-05-25,10.1,uha,3890a5505380,-73.0
rdc,2021-05-25,10.1,uha,3890a5503e60,-57.0
rdc,2021-05-25,10.1,uha,3890a5298a00,-84.0
rdc,2021-05-25,10.1,uha,3890a5505380,-74.0
rdc,2021-05-25,10.1,uha,3890a5298a00,-83.0
rdc,2021-05-25,10.1,uha,3890a5298a00,-84.0
rdc,2021-05-25,10.1,uha,3890a5505380,-73.0
rdc,2021-05-25,10.1,uha,3890a5503e60,-56.0
rdc,2021-05-25,10.1,uha,3890a5503e60,-57.0
rdc,2021-05-25,11.0,uha,3890a5298a00,-75.0
rdc,2021-05-25,11.0,uha,3890a54ca360,-93.0
rdc,2021-05-25,11.0,uha,3890a5298a00,-76.0
rdc,2021-05-25,11.0,uha,3890a54ca360,-93.0
rdc,2021-05-25,11.0,uha,3890a5298a00,-75.0
rdc,2021-05-25,11.0,uha,3890a5298a00,-76.0
rdc,2021-05-25,11.0,uha,3890a5298a00,-75.0
rdc,2021-05-25,11.0,uha,3890a54ca360,-93.0
rdc,2021-05-25,11.0,uha,3890a5298a00,-74.0
rdc,2021-05-25,11.0,uha,3890a54ca360,-91.0
rdc,2021-05-25,11.0,uha,3890a5298a00,-74.0
rdc,2021-05-25,11.0,uha,3890a5298a00,-76.0
rdc,2021-05-25,11.0,uha,3890a54ca360,-93.0
rdc,2021-05-25,11.0,uha,3890a5298a00,-75.0
rdc,2021-05-25,11.0,uha,3890a54ca360,-93.0
rdc,2021-05-25,11.0,uha,3890a5298a00,-75.0
rdc,2021-05-25,11.0,uha,3890a54ca360,-92.0
rdc,2021-05-25,11.0,uha,3890a5298a00,-75.0
rdc,2021-05-25,11.0,uha,3890a54ca360,-92.0
rdc,2021-05-25,11.0,uha,3890a5298a00,-74.0
rdc,2021-05-25,11.0,uha,3890a54ca360,-91.0
rdc,2021-05-25,11.0,uha,3890a54ca360,-93.0
rdc,2021-05-25,11.0,uha,3890a5298a00,-75.0
rdc,2021-05-25,11.0,uha,3890a5298a00,-74.0
rdc,2021-05-25,11.0,uha,3890a54ca360,-92.0
rdc,2021-05-25,11.0,uha,3890a54ca360,-92.0
rdc,2021-05-25,11.0,uha,3890a5298a00,-74.0
rdc,2021-05-25,11.0,uha,3890a54ca360,-94.0
rdc,2021-05-25,11.0,uha,3890a54ca360,-91.0
rdc,2021-05-25,11.0,uha,3890a5298a00,-74.0
rdc,2021-05-25,11.0,uha,3890a5298a00,-73.0
rdc,2021-05-25,11.0,uha,3890a54ca360,-93.0
rdc,2021-05-25,11.0,uha,3890a54ca360,-94.0
rdc,2021-05-25,11.0,uha,3890a5298a00,-75.0
rdc,2021-05-25,11.1,uha,3890a54ca360,-91.0
rdc,2021-05-25,11.1,uha,3890a5503e60,-76.0
rdc,2021-05-25,11.1,uha,3890a5505380,-89.0
rdc,2021-05-25,11.1,uha,3890a5298a00,-79.0
rdc,2021-05-25,11.1,uha,3890a5505380,-80.0
rdc,2021-05-25,11.1,uha,3890a5503e60,-80.0
rdc,2021-05-25,11.1,uha,3890a549a1e0,-95.0
rdc,2021-05-25,11.1,uha,3890a54ca360,-90.0
rdc,2021-05-25,11.1,uha,3890a5298a00,-79.0
rdc,2021-05-25,11.1,uha,3890a54ca360,-97.0
rdc,2021-05-25,11.1,uha,3890a5503e60,-66.0
rdc,2021-05-25,11.1,uha,3890a5505380,-72.0
rdc,2021-05-25,11.1,uha,3890a5298a00,-77.0
rdc,2021-05-25,11.1,uha,3890a54ca360,-90.0
rdc,2021-05-25,11.1,uha,3890a5505380,-75.0
rdc,2021-05-25,11.1,uha,3890a5503e60,-76.0
rdc,2021-05-25,11.1,uha,3890a5298a00,-76.0
rdc,2021-05-25,11.1,uha,3890a5505380,-78.0
rdc,2021-05-25,11.1,uha,3890a5503e60,-70.0
rdc,2021-05-25,11.1,uha,3890a54ca360,-92.0
rdc,2021-05-25,11.1,uha,3890a549a1e0,-97.0
rdc,2021-05-25,11.1,uha,3890a54ca360,-94.0
rdc,2021-05-25,11.1,uha,3890a549a1e0,-94.0
rdc,2021-05-25,11.1,uha,3890a5505380,-81.0
rdc,2021-05-25,11.1,uha,3890a5298a00,-79.0
rdc,2021-05-25,11.1,uha,3890a5505380,-82.0
rdc,2021-05-25,11.1,uha,3890a5503e60,-82.0
rdc,2021-05-25,11.1,uha,3890a5298a00,-79.0
rdc,2021-05-25,11.1,uha,3890a5503e60,-74.0
rdc,2021-05-25,11.1,uha,3890a5298a00,-78.0
rdc,2021-05-25,11.1,uha,3890a5505380,-80.0
rdc,2021-05-25,11.1,uha,3890a5503e60,-77.0
rdc,2021-05-25,11.1,uha,3890a54ca360,-90.0
rdc,2021-05-25,11.1,uha,3890a54ca360,-95.0
rdc,2021-05-25,11.2,uha,3890a5298a00,-78.0
rdc,2021-05-25,11.2,uha,3890a5298a00,-78.0
rdc,2021-05-25,11.2,uha,3890a5298a00,-78.0
rdc,2021-05-25,11.2,uha,3890a5298a00,-78.0
rdc,2021-05-25,11.2,uha,3890a5298a00,-79.0
rdc,2021-05-25,11.2,uha,3890a5298a00,-77.0
rdc,2021-05-25,11.2,uha,3890a5298a00,-78.0
rdc,2021-05-25,11.2,uha,3890a5298a00,-77.0
rdc,2021-05-25,11.2,uha,3890a5298a00,-80.0
rdc,2021-05-25,11.2,uha,3890a5298a00,-78.0
rdc,2021-05-25,11.2,uha,3890a5503e60,-66.0
rdc,2021-05-25,11.2,uha,3890a5298a00,-78.0
rdc,2021-05-25,11.2,uha,3890a5503e60,-65.0
rdc,2021-05-25,11.2,uha,3890a5505380,-70.0
rdc,2021-05-25,11.2,uha,3890a5298a00,-79.0
rdc,2021-05-25,11.2,uha,3890a5298a00,-78.0
rdc,2021-05-25,11.2,uha,3890a5503e60,-66.0
rdc,2021-05-25,11.2,uha,3890a5505380,-71.0
rdc,2021-05-25,11.2,uha,3890a5298a00,-78.0
rdc,2021-05-25,11.2,uha,3890a5298a00,-78.0
rdc,2021-05-25,11.2,uha,3890a5298a00,-77.0
rdc,2021-05-25,11.2,uha,3890a5298a00,-79.0
rdc,2021-05-25,11.2,uha,3890a5298a00,-79.0
rdc,2021-05-25,11.2,uha,3890a5298a00,-79.0
rdc,2021-05-25,11.2,uha,3890a5298a00,-78.0
rdc,2021-05-25,11.2,uha,3890a5298a00,-79.0
rdc,2021-05-25,11.2,uha,3890a5298a00,-79.0
rdc,2021-05-25,11.2,uha,3890a5298a00,-78.0
rdc,2021-05-25,11.2,uha,3890a5298a00,-78.0
rdc,2021-05-25,11.2,uha,3890a5298a00,-77.0
rdc,2021-05-25,11.2,uha,3890a5298a00,-78.0
rdc,2021-05-25,11.2,uha,3890a5298a00,-78.0
rdc,2021-05-25,11.2,uha,3890a5298a00,-78.0
rdc,2021-05-25,11.2,uha,3890a5298a00,-78.0
rdc,2021-05-25,11.2,uha,3890a5298a00,-78.0
rdc,2021-05-25,11.2,uha,3890a5298a00,-77.0
rdc,2021-05-25,11.2,uha,3890a5505380,-70.0
rdc,2021-05-25,12.0,uha,3890a5505380,-63.0
rdc,2021-05-25,12.0,uha,3890a5505380,-64.0
rdc,2021-05-25,12.0,uha,3890a5503e60,-67.0
rdc,2021-05-25,12.0,uha,3890a5298a00,-79.0
rdc,2021-05-25,12.0,uha,3890a54ca360,-88.0
rdc,2021-05-25,12.0,uha,3890a5503e60,-64.0
rdc,2021-05-25,12.0,uha,3890a5505380,-65.0
rdc,2021-05-25,12.0,uha,3890a5298a00,-79.0
rdc,2021-05-25,12.0,uha,3890a54ca360,-89.0
rdc,2021-05-25,12.0,uha,3890a54ca360,-93.0
rdc,2021-05-25,12.0,uha,3890a5503e60,-66.0
rdc,2021-05-25,12.0,uha,3890a5298a00,-77.0
rdc,2021-05-25,12.0,uha,3890a54ca360,-87.0
rdc,2021-05-25,12.0,uha,3890a5505380,-64.0
rdc,2021-05-25,12.0,uha,3890a5503e60,-68.0
rdc,2021-05-25,12.0,uha,3890a5298a00,-77.0
rdc,2021-05-25,12.0,uha,3890a54ca360,-88.0
rdc,2021-05-25,12.0,uha,3890a5503e60,-63.0
rdc,2021-05-25,12.0,uha,3890a5505380,-66.0
rdc,2021-05-25,12.0,uha,3890a5298a00,-75.0
rdc,2021-05-25,12.0,uha,3890a54ca360,-90.0
rdc,2021-05-25,12.0,uha,3890a5503e60,-65.0
rdc,2021-05-25,12.0,uha,3890a5505380,-66.0
rdc,2021-05-25,12.0,uha,3890a5298a00,-75.0
rdc,2021-05-25,12.0,uha,3890a5503e60,-65.0
rdc,2021-05-25,12.0,uha,3890a5505380,-66.0
rdc,2021-05-25,12.0,uha,3890a5298a00,-75.0
rdc,2021-05-25,12.0,uha,3890a54ca360,-93.0
rdc,2021-05-25,12.0,uha,3890a549a1e0,-95.0
rdc,2021-05-25,12.0,uha,3890a5505380,-66.0
rdc,2021-05-25,12.0,uha,3890a5503e60,-66.0
rdc,2021-05-25,12.0,uha,3890a5298a00,-74.0
rdc,2021-05-25,12.0,uha,3890a54ca360,-89.0
rdc,2021-05-25,12.1,uha,3890a54ca360,-92.0
rdc,2021-05-25,12.1,uha,3890a5298a00,-85.0
rdc,2021-05-25,12.1,uha,3890a5503e60,-68.0
rdc,2021-05-25,12.1,uha,3890a5505380,-70.0
rdc,2021-05-25,12.1,uha,3890a5505380,-70.0
rdc,2021-05-25,12.1,uha,3890a5298a00,-86.0
rdc,2021-05-25,12.1,uha,3890a54ca360,-93.0
rdc,2021-05-25,12.1,uha,3890a5503e60,-66.0
rdc,2021-05-25,12.1,uha,3890a5298a00,-87.0
rdc,2021-05-25,12.1,uha,3890a54ca360,-92.0
rdc,2021-05-25,12.1,uha,3890a5503e60,-67.0
rdc,2021-05-25,12.1,uha,3890a5503e60,-68.0
rdc,2021-05-25,12.1,uha,3890a5505380,-72.0
rdc,2021-05-25,12.1,uha,3890a5298a00,-82.0
rdc,2021-05-25,12.1,uha,3890a54ca360,-92.0
rdc,2021-05-25,12.1,uha,3890a5503e60,-68.0
rdc,2021-05-25,12.1,uha,3890a5505380,-70.0
rdc,2021-05-25,12.1,uha,3890a5298a00,-85.0
rdc,2021-05-25,12.1,uha,3890a54ca360,-94.0
rdc,2021-05-25,12.1,uha,3890a5505380,-72.0
rdc,2021-05-25,12.1,uha,3890a5505380,-69.0
rdc,2021-05-25,12.1,uha,3890a5503e60,-72.0
rdc,2021-05-25,12.1,uha,3890a5298a00,-83.0
rdc,2021-05-25,12.1,uha,3890a54ca360,-94.0
rdc,2021-05-25,12.1,uha,3890a5505380,-71.0
rdc,2021-05-25,12.1,uha,3890a5503e60,-68.0
rdc,2021-05-25,12.1,uha,3890a5298a00,-86.0
rdc,2021-05-25,12.1,uha,3890a5503e60,-69.0
rdc,2021-05-25,12.1,uha,3890a54ca360,-91.0
rdc,2021-05-25,12.1,uha,3890a54ca360,-92.0
rdc,2021-05-25,12.1,uha,3890a5298a00,-86.0
rdc,2021-05-25,12.1,uha,3890a5505380,-70.0
rdc,2021-05-25,13.0,uha,3890a5298a00,-90.0
rdc,2021-05-25,13.0,uha,3890a5298a00,-90.0
rdc,2021-05-25,13.0,uha,3890a5298a00,-90.0
rdc,2021-05-25,13.0,uha,3890a5298a00,-89.0
rdc,2021-05-25,13.0,uha,3890a5298a00,-89.0
rdc,2021-05-25,13.0,uha,3890a5298a00,-89.0
rdc,2021-05-25,13.0,uha,3890a5298a00,-88.0
rdc,2021-05-25,13.0,uha,3890a5298a00,-89.0
rdc,2021-05-25,13.0,uha,3890a5503e60,-76.0
rdc,2021-05-25,13.0,uha,3890a5298a00,-87.0
rdc,2021-05-25,13.0,uha,3890a5505380,-50.0
rdc,2021-05-25,13.0,uha,3890a5503e60,-75.0
rdc,2021-05-25,13.0,uha,3890a5298a00,-91.0
rdc,2021-05-25,13.0,uha,3890a5298a00,-88.0
rdc,2021-05-25,13.0,uha,3890a5505380,-50.0
rdc,2021-05-25,13.0,uha,3890a5298a00,-90.0
rdc,2021-05-25,13.0,uha,3890a5298a00,-91.0
rdc,2021-05-25,13.0,uha,3890a5298a00,-91.0
rdc,2021-05-25,13.0,uha,3890a5298a00,-89.0
rdc,2021-05-25,13.0,uha,3890a5298a00,-91.0
rdc,2021-05-25,13.0,uha,3890a5298a00,-90.0
rdc,2021-05-25,13.0,uha,3890a5298a00,-90.0
rdc,2021-05-25,13.0,uha,3890a5298a00,-89.0
rdc,2021-05-25,13.0,uha,3890a54ca360,-93.0
rdc,2021-05-25,13.0,uha,3890a5298a00,-90.0
rdc,2021-05-25,13.0,uha,3890a5298a00,-90.0
rdc,2021-05-25,13.0,uha,3890a5298a00,-88.0
rdc,2021-05-25,13.0,uha,3890a5298a00,-90.0
rdc,2021-05-25,13.0,uha,3890a5298a00,-90.0
rdc,2021-05-25,13.0,uha,3890a5298a00,-87.0
rdc,2021-05-25,13.0,uha,3890a5298a00,-90.0
rdc,2021-05-25,13.0,uha,3890a5298a00,-92.0
rdc,2021-05-25,13.0,uha,3890a5298a00,-91.0
rdc,2021-05-25,13.0,uha,3890a5298a00,-89.0
rdc,2021-05-25,13.0,uha,3890a5298a00,-91.0
rdc,2021-05-25,13.0,uha,3890a5298a00,-89.0
rdc,2021-05-25,13.0,uha,3890a5298a00,-89.0
rdc,2021-05-25,13.1,uha,3890a54ca360,-94.0
rdc,2021-05-25,13.1,uha,3890a5503e60,-76.0
rdc,2021-05-25,13.1,uha,3890a5505380,-52.0
rdc,2021-05-25,13.1,uha,3890a54ca360,-94.0
rdc,2021-05-25,13.1,uha,3890a5298a00,-85.0
rdc,2021-05-25,13.1,uha,3890a5503e60,-76.0
rdc,2021-05-25,13.1,uha,3890a5505380,-52.0
rdc,2021-05-25,13.1,uha,3890a5298a00,-87.0
rdc,2021-05-25,13.1,uha,3890a5298a00,-87.0
rdc,2021-05-25,13.1,uha,3890a5503e60,-73.0
rdc,2021-05-25,13.1,uha,3890a5505380,-52.0
rdc,2021-05-25,13.1,uha,3890a5503e60,-76.0
rdc,2021-05-25,13.1,uha,3890a5505380,-52.0
rdc,2021-05-25,13.1,uha,3890a54ca360,-94.0
rdc,2021-05-25,13.1,uha,3890a54ca360,-93.0
rdc,2021-05-25,13.1,uha,3890a5298a00,-87.0
rdc,2021-05-25,13.1,uha,3890a54ca360,-94.0
rdc,2021-05-25,13.1,uha,3890a5505380,-51.0
rdc,2021-05-25,13.1,uha,3890a54ca360,-93.0
rdc,2021-05-25,13.1,uha,3890a5298a00,-86.0
rdc,2021-05-25,13.1,uha,3890a5503e60,-76.0
rdc,2021-05-25,13.1,uha,3890a5505380,-51.0
rdc,2021-05-25,13.1,uha,3890a54ca360,-95.0
rdc,2021-05-25,13.1,uha,3890a5503e60,-78.0
rdc,2021-05-25,13.1,uha,3890a5503e60,-75.0
rdc,2021-05-25,13.1,uha,3890a5505380,-52.0
rdc,2021-05-25,13.1,uha,3890a5298a00,-88.0
rdc,2021-05-25,13.1,uha,3890a5503e60,-73.0
rdc,2021-05-25,13.1,uha,3890a5505380,-52.0
rdc,2021-05-25,13.1,uha,3890a54ca360,-92.0
rdc,2021-05-25,13.1,uha,3890a5298a00,-88.0
rdc,2021-05-25,13.1,uha,3890a5503e60,-74.0
rdc,2021-05-25,13.1,uha,3890a5298a00,-89.0
rdc,2021-05-25,13.1,uha,3890a54ca360,-93.0
rdc,2021-05-25,13.1,uha,3890a5505380,-52.0
rdc,2021-05-25,14.0,uha,3890a5505380,-63.0
rdc,2021-05-25,14.0,uha,3890a5503e60,-75.0
rdc,2021-05-25,14.0,uha,3890a5505380,-63.0
rdc,2021-05-25,14.0,uha,3890a54ca360,-91.0
rdc,2021-05-25,14.0,uha,3890a5503e60,-76.0
rdc,2021-05-25,14.0,uha,3890a54ca360,-90.0
rdc,2021-05-25,14.0,uha,3890a5505380,-63.0
rdc,2021-05-25,14.0,uha,3890a54ca360,-91.0
rdc,2021-05-25,14.0,uha,3890a5503e60,-77.0
rdc,2021-05-25,14.0,uha,3890a54ca360,-89.0
rdc,2021-05-25,14.0,uha,3890a5503e60,-77.0
rdc,2021-05-25,14.0,uha,3890a5505380,-64.0
rdc,2021-05-25,14.0,uha,3890a54ca360,-90.0
rdc,2021-05-25,14.0,uha,3890a5298a00,-89.0
rdc,2021-05-25,14.0,uha,3890a5503e60,-76.0
rdc,2021-05-25,14.0,uha,3890a5505380,-64.0
rdc,2021-05-25,14.0,uha,3890a5505380,-63.0
rdc,2021-05-25,14.0,uha,3890a5298a00,-92.0
rdc,2021-05-25,14.0,uha,3890a54ca360,-91.0
rdc,2021-05-25,14.0,uha,3890a5503e60,-75.0
rdc,2021-05-25,14.0,uha,3890a5505380,-63.0
rdc,2021-05-25,14.0,uha,3890a54ca360,-90.0
rdc,2021-05-25,14.0,uha,3890a5298a00,-90.0
rdc,2021-05-25,14.0,uha,3890a5503e60,-76.0
rdc,2021-05-25,14.0,uha,3890a5505380,-63.0
rdc,2021-05-25,14.0,uha,3890a5505380,-63.0
rdc,2021-05-25,14.0,uha,3890a5503e60,-76.0
rdc,2021-05-25,14.0,uha,3890a54ca360,-90.0
rdc,2021-05-25,14.0,uha,3890a5503e60,-77.0
rdc,2021-05-25,14.0,uha,3890a5298a00,-93.0
rdc,2021-05-25,14.0,uha,3890a54ca360,-89.0
rdc,2021-05-25,14.0,uha,3890a5503e60,-76.0
rdc,2021-05-25,14.0,uha,3890a5505380,-63.0
rdc,2021-05-25,14.0,uha,3890a54ca360,-90.0
rdc,2021-05-25,14.1,uha,3890a5298a00,-93.0
rdc,2021-05-25,14.1,uha,3890a5298a00,-94.0
rdc,2021-05-25,14.1,uha,3890a5298a00,-94.0
rdc,2021-05-25,14.1,uha,3890a5298a00,-94.0
rdc,2021-05-25,14.1,uha,3890a5298a00,-95.0
rdc,2021-05-25,14.1,uha,3890a5298a00,-94.0
rdc,2021-05-25,14.1,uha,3890a5298a00,-94.0
rdc,2021-05-25,14.1,uha,3890a5298a00,-94.0
rdc,2021-05-25,14.1,uha,3890a5298a00,-92.0
rdc,2021-05-25,14.1,uha,3890a5298a00,-95.0
rdc,2021-05-25,14.1,uha,3890a5298a00,-92.0
rdc,2021-05-25,14.1,uha,3890a5298a00,-94.0
rdc,2021-05-25,14.1,uha,3890a5298a00,-92.0
rdc,2021-05-25,14.1,uha,3890a5298a00,-94.0
rdc,2021-05-25,14.1,uha,3890a54ca360,-95.0
rdc,2021-05-25,14.1,uha,3890a5298a00,-93.0
rdc,2021-05-25,14.1,uha,3890a5298a00,-94.0
rdc,2021-05-25,14.1,uha,3890a5298a00,-94.0
rdc,2021-05-25,14.1,uha,3890a5298a00,-93.0
rdc,2021-05-25,14.1,uha,3890a5298a00,-94.0
rdc,2021-05-25,14.1,uha,3890a5298a00,-93.0
rdc,2021-05-25,14.1,uha,3890a5298a00,-94.0
rdc,2021-05-25,14.1,uha,3890a5298a00,-92.0
rdc,2021-05-25,14.1,uha,3890a5505380,-78.0
rdc,2021-05-25,14.1,uha,3890a5298a00,-91.0
rdc,2021-05-25,14.1,uha,3890a5503e60,-81.0
rdc,2021-05-25,14.1,uha,3890a5298a00,-94.0
rdc,2021-05-25,14.1,uha,3890a5503e60,-82.0
rdc,2021-05-25,14.1,uha,3890a5505380,-78.0
rdc,2021-05-25,14.1,uha,3890a5505380,-71.0
rdc,2021-05-25,14.1,uha,3890a5503e60,-82.0
rdc,2021-05-25,14.1,uha,3890a5298a00,-93.0
rdc,2021-05-25,14.1,uha,3890a5298a00,-92.0
rdc,2021-05-25,14.1,uha,3890a5298a00,-95.0
rdc,2021-05-25,14.1,uha,3890a5298a00,-93.0
rdc,2021-05-25,14.1,uha,3890a54ca360,-94.0
rdc,2021-05-25,14.1,uha,3890a5298a00,-91.0
rdc,2021-05-25,14.1,uha,3890a5298a00,-91.0
rdc,2021-05-25,14.1,uha,3890a5298a00,-92.0
rdc,2021-05-25,14.1,uha,3890a5298a00,-91.0
rdc,2021-05-25,14.1,uha,3890a5298a00,-93.0
rdc,2021-05-25,14.1,uha,3890a54ca360,-94.0
rdc,2021-05-25,14.1,uha,3890a5298a00,-91.0
premier,2021-06-02,15.0,uha,3890a54ca360,-92.0
premier,2021-06-02,15.0,uha,3890a5600b40,-64.0
premier,2021-06-02,15.0,uha,3890a5298a00,-89.0
premier,2021-06-02,15.0,uha,3890a54ca360,-91.0
premier,2021-06-02,15.0,uha,3890a5298a00,-91.0
premier,2021-06-02,15.0,uha,3890a5600b40,-64.0
premier,2021-06-02,15.0,uha,3890a5298a00,-91.0
premier,2021-06-02,15.0,uha,3890a5600b40,-65.0
premier,2021-06-02,15.0,uha,3890a5298a00,-90.0
premier,2021-06-02,15.0,uha,3890a54ca360,-91.0
premier,2021-06-02,15.0,uha,3890a5600b40,-64.0
premier,2021-06-02,15.0,uha,3890a54ca360,-92.0
premier,2021-06-02,15.0,uha,3890a5298a00,-91.0
premier,2021-06-02,15.0,uha,3890a54ca360,-91.0
premier,2021-06-02,15.0,uha,3890a5600b40,-64.0
premier,2021-06-02,15.0,uha,3890a5298a00,-89.0
premier,2021-06-02,15.0,uha,3890a5298a00,-90.0
premier,2021-06-02,15.0,uha,3890a54ca360,-91.0
premier,2021-06-02,15.0,uha,3890a5298a00,-88.0
premier,2021-06-02,15.0,uha,3890a54ca360,-91.0
premier,2021-06-02,15.0,uha,3890a5298a00,-89.0
premier,2021-06-02,15.0,uha,3890a54ca360,-91.0
premier,2021-06-02,15.0,uha,3890a5298a00,-89.0
premier,2021-06-02,15.0,uha,3890a54ca360,-91.0
premier,2021-06-02,15.0,uha,3890a5298a00,-90.0
premier,2021-06-02,15.0,uha,3890a54ca360,-93.0
premier,2021-06-02,15.0,uha,3890a54ca360,-93.0
premier,2021-06-02,15.0,uha,3890a5298a00,-89.0
premier,2021-06-02,15.0,uha,3890a54ca360,-91.0
premier,2021-06-02,15.0,uha,3890a54ca360,-92.0
premier,2021-06-02,15.0,uha,3890a5298a00,-89.0
premier,2021-06-02,15.0,uha,3890a54ca360,-91.0
premier,2021-06-02,15.0,uha,3890a5298a00,-88.0
premier,2021-06-02,15.1,uha,3890a54ca360,-88.0
premier,2021-06-02,15.1,uha,3890a5298a00,-85.0
premier,2021-06-02,15.1,uha,3890a54ca360,-88.0
premier,2021-06-02,15.1,uha,3890a5298a00,-85.0
premier,2021-06-02,15.1,uha,3890a5298a00,-85.0
premier,2021-06-02,15.1,uha,3890a54ca360,-89.0
premier,2021-06-02,15.1,uha,3890a5298a00,-84.0
premier,2021-06-02,15.1,uha,3890a54ca360,-88.0
premier,2021-06-02,15.1,uha,3890a5298a00,-84.0
premier,2021-06-02,15.1,uha,3890a54ca360,-88.0
premier,2021-06-02,15.1,uha,3890a5600b40,-54.0
premier,2021-06-02,15.1,uha,3890a5298a00,-84.0
premier,2021-06-02,15.1,uha,3890a54ca360,-86.0
premier,2021-06-02,15.1,uha,3890a5573840,-92.0
premier,2021-06-02,15.1,uha,3890a5298a00,-84.0
premier,2021-06-02,15.1,uha,3890a54ca360,-86.0
premier,2021-06-02,15.1,uha,3890a5298a00,-84.0
premier,2021-06-02,15.1,uha,3890a54ca360,-87.0
premier,2021-06-02,15.1,uha,3890a54ca360,-88.0
premier,2021-06-02,15.1,uha,3890a5298a00,-88.0
premier,2021-06-02,15.1,uha,3890a54ca360,-89.0
premier,2021-06-02,15.1,uha,3890a5298a00,-84.0
premier,2021-06-02,15.1,uha,3890a54ca360,-88.0
premier,2021-06-02,15.1,uha,3890a5298a00,-84.0
premier,2021-06-02,15.1,uha,3890a54ca360,-85.0
premier,2021-06-02,15.1,uha,3890a54ca360,-87.0
premier,2021-06-02,15.1,uha,3890a5298a00,-86.0
premier,2021-06-02,15.1,uha,3890a54ca360,-89.0
premier,2021-06-02,15.1,uha,3890a5298a00,-85.0
premier,2021-06-02,15.1,uha,3890a54ca360,-90.0
premier,2021-06-02,15.1,uha,3890a5298a00,-82.0
premier,2021-06-02,15.1,uha,3890a54ca360,-88.0
premier,2021-06-02,15.1,uha,3890a5298a00,-85.0
premier,2021-06-02,15.1,uha,3890a54ca360,-87.0
premier,2021-06-02,15.1,uha,3890a5298a00,-84.0
premier,2021-06-02,16.0,uha,3890a5600b40,-54.0
premier,2021-06-02,16.0,uha,3890a54ca360,-82.0
premier,2021-06-02,16.0,uha,3890a5499de0,-92.0
premier,2021-06-02,16.0,uha,3890a5298a00,-92.0
premier,2021-06-02,16.0,uha,3890a5499de0,-92.0
premier,2021-06-02,16.0,uha,3890a5298a00,-92.0
premier,2021-06-02,16.0,uha,3890a54ca360,-83.0
premier,2021-06-02,16.0,uha,3890a5600b40,-53.0
premier,2021-06-02,16.0,uha,3890a5600b40,-53.0
premier,2021-06-02,16.0,uha,3890a5600b40,-53.0
premier,2021-06-02,16.0,uha,3890a5600b40,-53.0
premier,2021-06-02,16.0,uha,3890a5499de0,-93.0
premier,2021-06-02,16.0,uha,3890a5298a00,-89.0
premier,2021-06-02,16.0,uha,3890a54ca360,-82.0
premier,2021-06-02,16.0,uha,3890a5499de0,-91.0
premier,2021-06-02,16.0,uha,3890a5298a00,-90.0
premier,2021-06-02,16.0,uha,3890a54ca360,-83.0
premier,2021-06-02,16.0,uha,3890a5499de0,-94.0
premier,2021-06-02,16.0,uha,3890a54ca360,-85.0
premier,2021-06-02,16.0,uha,3890a54ca360,-84.0
premier,2021-06-02,16.0,uha,3890a5298a00,-93.0
premier,2021-06-02,16.0,uha,3890a54ca360,-84.0
premier,2021-06-02,16.0,uha,3890a54ca360,-81.0
premier,2021-06-02,16.0,uha,3890a5298a00,-93.0
premier,2021-06-02,16.0,uha,3890a54ca360,-83.0
premier,2021-06-02,16.0,uha,3890a5298a00,-91.0
premier,2021-06-02,16.0,uha,3890a5298a00,-92.0
premier,2021-06-02,16.0,uha,3890a5298a00,-92.0
premier,2021-06-02,16.0,uha,3890a5600b40,-53.0
premier,2021-06-02,16.0,uha,3890a54ca360,-83.0
premier,2021-06-02,16.0,uha,3890a54ca360,-84.0
premier,2021-06-02,16.0,uha,3890a54ca360,-83.0
premier,2021-06-02,16.0,uha,3890a5499de0,-92.0
premier,2021-06-02,16.0,uha,3890a5600b40,-53.0
premier,2021-06-02,16.1,uha,3890a54ca360,-86.0
premier,2021-06-02,16.1,uha,3890a5600b40,-52.0
premier,2021-06-02,16.1,uha,3890a5298a00,-93.0
premier,2021-06-02,16.1,uha,3890a54ca360,-87.0
premier,2021-06-02,16.1,uha,3890a5298a00,-91.0
premier,2021-06-02,16.1,uha,3890a5600b40,-52.0
premier,2021-06-02,16.1,uha,3890a5600b40,-53.0
premier,2021-06-02,16.1,uha,3890a54ca360,-86.0
premier,2021-06-02,16.1,uha,3890a54ca360,-84.0
premier,2021-06-02,16.1,uha,3890a5600b40,-52.0
premier,2021-06-02,16.1,uha,3890a5298a00,-94.0
premier,2021-06-02,16.1,uha,3890a5600b40,-51.0
premier,2021-06-02,16.1,uha,3890a5499de0,-92.0
premier,2021-06-02,16.1,uha,3890a54ca360,-86.0
premier,2021-06-02,16.1,uha,3890a5600b40,-52.0
premier,2021-06-02,16.1,uha,3890a54ca360,-86.0
premier,2021-06-02,16.1,uha,3890a5499de0,-90.0
premier,2021-06-02,16.1,uha,3890a54ca360,-86.0
premier,2021-06-02,16.1,uha,3890a5298a00,-92.0
premier,2021-06-02,16.1,uha,3890a5600b40,-52.0
premier,2021-06-02,16.1,uha,3890a5298a00,-91.0
premier,2021-06-02,16.1,uha,3890a5499de0,-90.0
premier,2021-06-02,16.1,uha,3890a5298a00,-92.0
premier,2021-06-02,16.1,uha,3890a5600b40,-52.0
premier,2021-06-02,16.1,uha,3890a54ca360,-85.0
premier,2021-06-02,16.1,uha,3890a5298a00,-95.0
premier,2021-06-02,16.1,uha,3890a54ca360,-86.0
premier,2021-06-02,16.1,uha,3890a5600b40,-53.0
premier,2021-06-02,16.1,uha,3890a54ca360,-83.0
premier,2021-06-02,16.1,uha,3890a5298a00,-93.0
premier,2021-06-02,17.0,uha,3890a5600b40,-63.0
premier,2021-06-02,17.0,uha,3890a5573840,-91.0
premier,2021-06-02,17.0,uha,3890a5499de0,-88.0
premier,2021-06-02,17.0,uha,3890a5298a00,-88.0
premier,2021-06-02,17.0,uha,3890a54ca360,-85.0
premier,2021-06-02,17.0,uha,3890a5600b40,-63.0
premier,2021-06-02,17.0,uha,3890a54ca360,-86.0
premier,2021-06-02,17.0,uha,3890a5600b40,-60.0
premier,2021-06-02,17.0,uha,3890a5573840,-92.0
premier,2021-06-02,17.0,uha,3890a5499de0,-90.0
premier,2021-06-02,17.0,uha,3890a54ca360,-87.0
premier,2021-06-02,17.0,uha,3890a5600b40,-60.0
premier,2021-06-02,17.0,uha,3890a5499de0,-89.0
premier,2021-06-02,17.0,uha,3890a5298a00,-87.0
premier,2021-06-02,17.0,uha,3890a5573840,-91.0
premier,2021-06-02,17.0,uha,3890a5600b40,-59.0
premier,2021-06-02,17.0,uha,3890a5298a00,-87.0
premier,2021-06-02,17.0,uha,3890a5499de0,-88.0
premier,2021-06-02,17.0,uha,3890a5573840,-92.0
premier,2021-06-02,17.0,uha,3890a5600b40,-64.0
premier,2021-06-02,17.0,uha,3890a54ca360,-86.0
premier,2021-06-02,17.0,uha,3890a5298a00,-88.0
premier,2021-06-02,17.0,uha,3890a5573840,-91.0
premier,2021-06-02,17.0,uha,3890a5600b40,-62.0
premier,2021-06-02,17.0,uha,3890a5573840,-91.0
premier,2021-06-02,17.0,uha,3890a54ca360,-85.0
premier,2021-06-02,17.0,uha,3890a5298a00,-86.0
premier,2021-06-02,17.0,uha,3890a5499de0,-88.0
premier,2021-06-02,17.0,uha,3890a5600b40,-61.0
premier,2021-06-02,17.0,uha,3890a54ca360,-87.0
premier,2021-06-02,17.0,uha,3890a5298a00,-88.0
premier,2021-06-02,17.0,uha,3890a54ca360,-86.0
premier,2021-06-02,17.0,uha,3890a5573840,-92.0
premier,2021-06-02,17.0,uha,3890a5298a00,-88.0
premier,2021-06-02,17.0,uha,3890a5499de0,-88.0
premier,2021-06-02,17.1,uha,3890a5298a00,-87.0
premier,2021-06-02,17.1,uha,3890a5600b40,-54.0
premier,2021-06-02,17.1,uha,3890a5499de0,-87.0
premier,2021-06-02,17.1,uha,3890a5573840,-93.0
premier,2021-06-02,17.1,uha,3890a54ca360,-91.0
premier,2021-06-02,17.1,uha,3890a5573840,-95.0
premier,2021-06-02,17.1,uha,3890a5600b40,-54.0
premier,2021-06-02,17.1,uha,3890a5499de0,-85.0
premier,2021-06-02,17.1,uha,3890a54ca360,-92.0
premier,2021-06-02,17.1,uha,3890a5298a00,-87.0
premier,2021-06-02,17.1,uha,3890a5499de0,-87.0
premier,2021-06-02,17.1,uha,3890a54ca360,-91.0
premier,2021-06-02,17.1,uha,3890a5573840,-92.0
premier,2021-06-02,17.1,uha,3890a5600b40,-53.0
premier,2021-06-02,17.1,uha,3890a5499de0,-86.0
premier,2021-06-02,17.1,uha,3890a5298a00,-86.0
premier,2021-06-02,17.1,uha,3890a5573840,-92.0
premier,2021-06-02,17.1,uha,3890a5600b40,-54.0
premier,2021-06-02,17.1,uha,3890a5298a00,-87.0
premier,2021-06-02,17.1,uha,3890a5499de0,-87.0
premier,2021-06-02,17.1,uha,3890a54ca360,-92.0
premier,2021-06-02,17.1,uha,3890a5573840,-93.0
premier,2021-06-02,17.1,uha,3890a54ca360,-91.0
premier,2021-06-02,17.1,uha,3890a5298a00,-90.0
premier,2021-06-02,17.1,uha,3890a54ca360,-93.0
premier,2021-06-02,17.1,uha,3890a5573840,-93.0
premier,2021-06-02,17.1,uha,3890a5600b40,-53.0
premier,2021-06-02,17.1,uha,3890a5298a00,-89.0
premier,2021-06-02,17.1,uha,3890a5573840,-92.0
premier,2021-06-02,17.1,uha,3890a5600b40,-53.0
premier,2021-06-02,17.1,uha,3890a5499de0,-86.0
premier,2021-06-02,17.1,uha,3890a5499de0,-88.0
premier,2021-06-02,17.1,uha,3890a5600b40,-55.0
premier,2021-06-02,18.0,uha,3890a5573840,-89.0
premier,2021-06-02,18.0,uha,3890a5499de0,-94.0
premier,2021-06-02,18.0,uha,3890a5600b40,-53.0
premier,2021-06-02,18.0,uha,3890a5298a00,-83.0
premier,2021-06-02,18.0,uha,3890a54ca360,-84.0
premier,2021-06-02,18.0,uha,3890a5573840,-88.0
premier,2021-06-02,18.0,uha,3890a5499de0,-91.0
premier,2021-06-02,18.0,uha,3890a5600b40,-53.0
premier,2021-06-02,18.0,uha,3890a5298a00,-84.0
premier,2021-06-02,18.0,uha,3890a54ca360,-85.0
premier,2021-06-02,18.0,uha,3890a5600b40,-54.0
premier,2021-06-02,18.0,uha,3890a54ca360,-86.0
premier,2021-06-02,18.0,uha,3890a5573840,-87.0
premier,2021-06-02,18.0,uha,3890a5298a00,-91.0
premier,2021-06-02,18.0,uha,3890a5499de0,-94.0
premier,2021-06-02,18.0,uha,3890a5600b40,-53.0
premier,2021-06-02,18.0,uha,3890a5298a00,-84.0
premier,2021-06-02,18.0,uha,3890a5573840,-87.0
premier,2021-06-02,18.0,uha,3890a54ca360,-87.0
premier,2021-06-02,18.0,uha,3890a5298a00,-83.0
premier,2021-06-02,18.0,uha,3890a54ca360,-84.0
premier,2021-06-02,18.0,uha,3890a5298a00,-81.0
premier,2021-06-02,18.0,uha,3890a54ca360,-84.0
premier,2021-06-02,18.0,uha,3890a5298a00,-85.0
premier,2021-06-02,18.0,uha,3890a5298a00,-83.0
premier,2021-06-02,18.0,uha,3890a54ca360,-84.0
premier,2021-06-02,18.0,uha,3890a5298a00,-85.0
premier,2021-06-02,18.0,uha,3890a54ca360,-85.0
premier,2021-06-02,18.0,uha,3890a54ca360,-84.0
premier,2021-06-02,18.0,uha,3890a5499de0,-93.0
premier,2021-06-02,18.0,uha,3890a54ca360,-84.0
premier,2021-06-02,18.0,uha,3890a54ca360,-85.0
premier,2021-06-02,18.0,uha,3890a5298a00,-83.0
premier,2021-06-02,18.0,uha,3890a54ca360,-84.0
premier,2021-06-02,18.0,uha,3890a5298a00,-84.0
premier,2021-06-02,18.0,uha,3890a5298a00,-84.0
premier,2021-06-02,18.1,uha,3890a5600b40,-50.0
premier,2021-06-02,18.1,uha,3890a5298a00,-84.0
premier,2021-06-02,18.1,uha,3890a54ca360,-83.0
premier,2021-06-02,18.1,uha,3890a54ca360,-84.0
premier,2021-06-02,18.1,uha,3890a5298a00,-81.0
premier,2021-06-02,18.1,uha,3890a5600b40,-51.0
premier,2021-06-02,18.1,uha,3890a5573840,-92.0
premier,2021-06-02,18.1,uha,3890a5573840,-93.0
premier,2021-06-02,18.1,uha,3890a54cc220,-94.0
premier,2021-06-02,18.1,uha,3890a5573840,-91.0
premier,2021-06-02,18.1,uha,3890a54ca360,-84.0
premier,2021-06-02,18.1,uha,3890a5298a00,-83.0
premier,2021-06-02,18.1,uha,3890a5600b40,-52.0
premier,2021-06-02,18.1,uha,3890a5573840,-94.0
premier,2021-06-02,18.1,uha,3890a5298a00,-85.0
premier,2021-06-02,18.1,uha,3890a54ca360,-85.0
premier,2021-06-02,18.1,uha,3890a5600b40,-51.0
premier,2021-06-02,18.1,uha,3890a54cc220,-94.0
premier,2021-06-02,18.1,uha,3890a54cc220,-92.0
premier,2021-06-02,18.1,uha,3890a54ca360,-82.0
premier,2021-06-02,18.1,uha,3890a5600b40,-53.0
premier,2021-06-02,18.1,uha,3890a5573840,-93.0
premier,2021-06-02,18.1,uha,3890a5298a00,-85.0
premier,2021-06-02,18.1,uha,3890a54ca360,-82.0
premier,2021-06-02,18.1,uha,3890a5600b40,-54.0
premier,2021-06-02,18.1,uha,3890a5573840,-91.0
premier,2021-06-02,18.1,uha,3890a5573840,-92.0
premier,2021-06-02,18.1,uha,3890a5298a00,-87.0
premier,2021-06-02,18.1,uha,3890a5600b40,-47.0
premier,2021-06-02,18.1,uha,3890a54ca360,-81.0
premier,2021-06-02,18.1,uha,3890a5298a00,-88.0
premier,2021-06-02,18.1,uha,3890a54ca360,-83.0
premier,2021-06-02,18.1,uha,3890a5600b40,-52.0
premier,2021-06-02,18.1,uha,3890a5573840,-92.0
premier,2021-06-02,18.1,uha,3890a5298a00,-84.0
premier,2021-06-02,18.1,uha,3890a5573840,-92.0
premier,2021-06-02,18.1,uha,3890a5600b40,-52.0
premier,2021-06-02,18.1,uha,3890a54ca360,-83.0
premier,2021-06-02,19.0,uha,3890a5600b40,-67.0
premier,2021-06-02,19.0,uha,3890a54cc220,-94.0
premier,2021-06-02,19.0,uha,3890a5298a00,-88.0
premier,2021-06-02,19.0,uha,3890a5573840,-82.0
premier,2021-06-02,19.0,uha,3890a54ca360,-80.0
premier,2021-06-02,19.0,uha,3890a5573840,-84.0
premier,2021-06-02,19.0,uha,3890a5298a00,-88.0
premier,2021-06-02,19.0,uha,3890a54cc220,-93.0
premier,2021-06-02,19.0,uha,3890a54cc220,-93.0
premier,2021-06-02,19.0,uha,3890a5298a00,-87.0
premier,2021-06-02,19.0,uha,3890a5573840,-82.0
premier,2021-06-02,19.0,uha,3890a54ca360,-74.0
premier,2021-06-02,19.0,uha,3890a5600b40,-66.0
premier,2021-06-02,19.0,uha,3890a5298a00,-89.0
premier,2021-06-02,19.0,uha,3890a5600b40,-66.0
premier,2021-06-02,19.0,uha,3890a54ca360,-80.0
premier,2021-06-02,19.0,uha,3890a5600b40,-67.0
premier,2021-06-02,19.0,uha,3890a5600b40,-67.0
premier,2021-06-02,19.0,uha,3890a54ca360,-74.0
premier,2021-06-02,19.0,uha,3890a5573840,-86.0
premier,2021-06-02,19.0,uha,3890a54cc220,-94.0
premier,2021-06-02,19.0,uha,3890a5298a00,-89.0
premier,2021-06-02,19.0,uha,3890a5600b40,-67.0
premier,2021-06-02,19.0,uha,3890a54ca360,-74.0
premier,2021-06-02,19.0,uha,3890a5573840,-85.0
premier,2021-06-02,19.0,uha,3890a54ca360,-77.0
premier,2021-06-02,19.0,uha,3890a5573840,-85.0
premier,2021-06-02,19.0,uha,3890a5298a00,-87.0
premier,2021-06-02,19.0,uha,3890a54cc220,-94.0
premier,2021-06-02,19.0,uha,3890a5573840,-84.0
premier,2021-06-02,19.0,uha,3890a5298a00,-87.0
premier,2021-06-02,19.0,uha,3890a54ca360,-75.0
premier,2021-06-02,19.0,uha,3890a5600b40,-68.0
premier,2021-06-02,19.1,uha,3890a54ca360,-81.0
premier,2021-06-02,19.1,uha,3890a54cc220,-91.0
premier,2021-06-02,19.1,uha,3890a5298a00,-90.0
premier,2021-06-02,19.1,uha,3890a54ca360,-80.0
premier,2021-06-02,19.1,uha,3890a5298a00,-90.0
premier,2021-06-02,19.1,uha,3890a54cc220,-89.0
premier,2021-06-02,19.1,uha,3890a54ca360,-80.0
premier,2021-06-02,19.1,uha,3890a54cc220,-90.0
premier,2021-06-02,19.1,uha,3890a5298a00,-88.0
premier,2021-06-02,19.1,uha,3890a54ca360,-80.0
premier,2021-06-02,19.1,uha,3890a5298a00,-91.0
premier,2021-06-02,19.1,uha,3890a54cc220,-90.0
premier,2021-06-02,19.1,uha,3890a54ca360,-79.0
premier,2021-06-02,19.1,uha,3890a5298a00,-88.0
premier,2021-06-02,19.1,uha,3890a54ca360,-79.0
premier,2021-06-02,19.1,uha,3890a54cc220,-89.0
premier,2021-06-02,19.1,uha,3890a54cc220,-91.0
premier,2021-06-02,19.1,uha,3890a54cc220,-87.0
premier,2021-06-02,19.1,uha,3890a5298a00,-92.0
premier,2021-06-02,19.1,uha,3890a54ca360,-78.0
premier,2021-06-02,19.1,uha,3890a5298a00,-89.0
premier,2021-06-02,19.1,uha,3890a54ca360,-80.0
premier,2021-06-02,19.1,uha,3890a5298a00,-91.0
premier,2021-06-02,19.1,uha,3890a54cc220,-88.0
premier,2021-06-02,19.1,uha,3890a5573840,-86.0
premier,2021-06-02,19.1,uha,3890a54ca360,-81.0
premier,2021-06-02,19.1,uha,3890a5600b40,-62.0
premier,2021-06-02,19.1,uha,3890a5298a00,-88.0
premier,2021-06-02,19.1,uha,3890a54ca360,-80.0
premier,2021-06-02,19.1,uha,3890a5298a00,-89.0
premier,2021-06-02,19.1,uha,3890a54cc220,-88.0
premier,2021-06-02,19.1,uha,3890a54cc220,-88.0
premier,2021-06-02,19.1,uha,3890a54ca360,-80.0
premier,2021-06-02,19.1,uha,3890a5298a00,-88.0
premier,2021-06-02,19.1,uha,3890a54cc220,-90.0
premier,2021-06-02,19.1,uha,3890a54ca360,-80.0
premier,2021-06-02,20.0,uha,3890a5600b40,-66.0
premier,2021-06-02,20.0,uha,3890a5298a00,-74.0
premier,2021-06-02,20.0,uha,3890a5573840,-77.0
premier,2021-06-02,20.0,uha,3890a54ca360,-93.0
premier,2021-06-02,20.0,uha,3890a5505380,-93.0
premier,2021-06-02,20.0,uha,3890a5505380,-93.0
premier,2021-06-02,20.0,uha,3890a5503e60,-95.0
premier,2021-06-02,20.0,uha,3890a54cc220,-91.0
premier,2021-06-02,20.0,uha,3890a5505380,-93.0
premier,2021-06-02,20.0,uha,3890a5503e60,-98.0
premier,2021-06-02,20.0,uha,3890a5600b40,-69.0
premier,2021-06-02,20.0,uha,3890a5573840,-83.0
premier,2021-06-02,20.0,uha,3890a54ca360,-86.0
premier,2021-06-02,20.0,uha,3890a54cc220,-91.0
premier,2021-06-02,20.0,uha,3890a5298a00,-71.0
premier,2021-06-02,20.0,uha,3890a5298a00,-72.0
premier,2021-06-02,20.0,uha,002a10f36240,-94.0
premier,2021-06-02,20.0,uha,3890a54ca360,-89.0
premier,2021-06-02,20.0,uha,3890a54cc220,-85.0
premier,2021-06-02,20.0,uha,3890a5298a00,-75.0
premier,2021-06-02,20.0,uha,3890a5573840,-75.0
premier,2021-06-02,20.0,uha,3890a5600b40,-73.0
premier,2021-06-02,20.0,uha,3890a5573840,-75.0
premier,2021-06-02,20.0,uha,3890a5298a00,-74.0
premier,2021-06-02,20.0,uha,3890a5573840,-78.0
premier,2021-06-02,20.0,uha,3890a54cc220,-92.0
premier,2021-06-02,20.0,uha,3890a5600b40,-67.0
premier,2021-06-02,20.0,uha,3890a54ca360,-92.0
premier,2021-06-02,20.0,uha,3890a5503e60,-95.0
premier,2021-06-02,20.0,uha,3890a549a1e0,-92.0
premier,2021-06-02,20.0,uha,3890a54cc220,-90.0
premier,2021-06-02,20.0,uha,3890a54ca360,-88.0
premier,2021-06-02,20.0,uha,002a10f36240,-92.0
premier,2021-06-02,20.0,uha,3890a5600b40,-64.0
premier,2021-06-02,20.1,uha,3890a5298a00,-84.0
premier,2021-06-02,20.1,uha,3890a5298a00,-81.0
premier,2021-06-02,20.1,uha,3890a54cc220,-88.0
premier,2021-06-02,20.1,uha,3890a54ca360,-89.0
premier,2021-06-02,20.1,uha,3890a54cc220,-92.0
premier,2021-06-02,20.1,uha,3890a54ca360,-92.0
premier,2021-06-02,20.1,uha,3890a5298a00,-81.0
premier,2021-06-02,20.1,uha,3890a54ca360,-86.0
premier,2021-06-02,20.1,uha,3890a5600b40,-76.0
premier,2021-06-02,20.1,uha,3890a5298a00,-82.0
premier,2021-06-02,20.1,uha,3890a5573840,-83.0
premier,2021-06-02,20.1,uha,3890a54ca360,-86.0
premier,2021-06-02,20.1,uha,3890a54cc220,-88.0
premier,2021-06-02,20.1,uha,3890a549a1e0,-97.0
premier,2021-06-02,20.1,uha,3890a54ca360,-80.0
premier,2021-06-02,20.1,uha,3890a5298a00,-81.0
premier,2021-06-02,20.1,uha,3890a54cc220,-85.0
premier,2021-06-02,20.1,uha,78bc1a4cfb20,-94.0
premier,2021-06-02,20.1,uha,78bc1a4cfb20,-93.0
premier,2021-06-02,20.1,uha,3890a54cc220,-93.0
premier,2021-06-02,20.1,uha,3890a5298a00,-77.0
premier,2021-06-02,20.1,uha,3890a54ca360,-83.0
premier,2021-06-02,20.1,uha,3890a54cc220,-93.0
premier,2021-06-02,20.1,uha,78bc1a4cfb20,-95.0
premier,2021-06-02,20.1,uha,3890a5298a00,-76.0
premier,2021-06-02,20.1,uha,3890a54ca360,-84.0
premier,2021-06-02,20.1,uha,3890a54cc220,-94.0
premier,2021-06-02,20.1,uha,78bc1a4cfb20,-94.0
premier,2021-06-02,20.1,uha,3890a54ca360,-85.0
premier,2021-06-02,20.1,uha,3890a5298a00,-76.0
premier,2021-06-02,20.1,uha,3890a54ca360,-86.0
premier,2021-06-02,20.1,uha,3890a5298a00,-75.0
premier,2021-06-02,20.1,uha,3890a5298a00,-76.0
premier,2021-06-02,20.1,uha,3890a54ca360,-89.0
premier,2021-06-02,20.1,uha,3890a54ca360,-85.0
premier,2021-06-02,20.1,uha,3890a54cc220,-91.0
premier,2021-06-02,20.1,uha,3890a5298a00,-76.0
premier,2021-06-02,20.1,uha,3890a5298a00,-79.0
premier,2021-06-02,21.0,uha,3890a549a1e0,-91.0
premier,2021-06-02,21.0,uha,3890a5573840,-82.0
premier,2021-06-02,21.0,uha,3890a54cc220,-87.0
premier,2021-06-02,21.0,uha,3890a549a1e0,-92.0
premier,2021-06-02,21.0,uha,3890a54ca360,-93.0
premier,2021-06-02,21.0,uha,78bc1a4cfb20,-95.0
premier,2021-06-02,21.0,uha,3890a5298a00,-68.0
premier,2021-06-02,21.0,uha,3890a5573840,-77.0
premier,2021-06-02,21.0,uha,3890a5600b40,-77.0
premier,2021-06-02,21.0,uha,3890a5600b40,-78.0
premier,2021-06-02,21.0,uha,3890a5298a00,-65.0
premier,2021-06-02,21.0,uha,3890a5600b40,-74.0
premier,2021-06-02,21.0,uha,3890a5573840,-80.0
premier,2021-06-02,21.0,uha,3890a54cc220,-85.0
premier,2021-06-02,21.0,uha,3890a549a1e0,-90.0
premier,2021-06-02,21.0,uha,78bc1a4cfb20,-93.0
premier,2021-06-02,21.0,uha,3890a54ca360,-94.0
premier,2021-06-02,21.0,uha,3890a5298a00,-66.0
premier,2021-06-02,21.0,uha,3890a54cc220,-88.0
premier,2021-06-02,21.0,uha,3890a54cc220,-89.0
premier,2021-06-02,21.0,uha,3890a54ca360,-94.0
premier,2021-06-02,21.0,uha,3890a5503e60,-95.0
premier,2021-06-02,21.0,uha,3890a549a1e0,-95.0
premier,2021-06-02,21.0,uha,3890a5298a00,-67.0
premier,2021-06-02,21.0,uha,3890a5573840,-77.0
premier,2021-06-02,21.0,uha,3890a54cc220,-87.0
premier,2021-06-02,21.0,uha,3890a5503e60,-93.0
premier,2021-06-02,21.0,uha,3890a5573840,-76.0
premier,2021-06-02,21.0,uha,3890a549a1e0,-92.0
premier,2021-06-02,21.0,uha,3890a5573840,-78.0
premier,2021-06-02,21.0,uha,3890a5600b40,-79.0
premier,2021-06-02,21.0,uha,3890a5298a00,-68.0
premier,2021-06-02,21.0,uha,3890a5503e60,-96.0
premier,2021-06-02,21.0,uha,3890a54cc220,-88.0
premier,2021-06-02,21.0,uha,78bc1a4cfb20,-94.0
premier,2021-06-02,21.0,uha,3890a5298a00,-67.0
premier,2021-06-02,21.0,uha,3890a549a1e0,-91.0
premier,2021-06-02,21.1,uha,78bc1a4cfb20,-92.0
premier,2021-06-02,21.1,uha,3890a54cc220,-91.0
premier,2021-06-02,21.1,uha,3890a5298a00,-71.0
premier,2021-06-02,21.1,uha,3890a5600b40,-75.0
premier,2021-06-02,21.1,uha,3890a5242280,-97.0
premier,2021-06-02,21.1,uha,3890a5503e60,-96.0
premier,2021-06-02,21.1,uha,3890a5573840,-78.0
premier,2021-06-02,21.1,uha,3890a54cc220,-92.0
premier,2021-06-02,21.1,uha,3890a5499de0,-94.0
premier,2021-06-02,21.1,uha,3890a54cc220,-92.0
premier,2021-06-02,21.1,uha,3890a549a1e0,-92.0
premier,2021-06-02,21.1,uha,3890a5573840,-83.0
premier,2021-06-02,21.1,uha,3890a5600b40,-71.0
premier,2021-06-02,21.1,uha,3890a5298a00,-68.0
premier,2021-06-02,21.1,uha,3890a5503e60,-93.0
premier,2021-06-02,21.1,uha,3890a54ca360,-93.0
premier,2021-06-02,21.1,uha,3890a549a1e0,-92.0
premier,2021-06-02,21.1,uha,3890a5298a00,-71.0
premier,2021-06-02,21.1,uha,3890a5600b40,-68.0
premier,2021-06-02,21.1,uha,3890a5573840,-80.0
premier,2021-06-02,21.1,uha,3890a5242280,-93.0
premier,2021-06-02,21.1,uha,3890a549a1e0,-89.0
premier,2021-06-02,21.1,uha,3890a54ca360,-88.0
premier,2021-06-02,21.1,uha,78bc1a4cfb20,-87.0
premier,2021-06-02,21.1,uha,3890a5573840,-83.0
premier,2021-06-02,21.1,uha,3890a5600b40,-76.0
premier,2021-06-02,21.1,uha,3890a5298a00,-73.0
premier,2021-06-02,21.1,uha,3890a5503e60,-91.0
premier,2021-06-02,21.1,uha,78bc1a4cfb20,-95.0
premier,2021-06-02,21.1,uha,3890a54cc220,-94.0
premier,2021-06-02,21.1,uha,3890a5503e60,-95.0
premier,2021-06-02,21.1,uha,3890a5499de0,-95.0
premier,2021-06-02,21.1,uha,3890a549a1e0,-94.0
premier,2021-06-02,21.1,uha,3890a54cc220,-91.0
premier,2021-06-02,21.1,uha,3890a5298a00,-78.0
premier,2021-06-02,21.1,uha,3890a5600b40,-71.0
premier,2021-06-02,21.1,uha,3890a54ca360,-96.0
premier,2021-06-02,22.0,uha,3890a5503e60,-81.0
premier,2021-06-02,22.0,uha,3890a5600b40,-72.0
premier,2021-06-02,22.0,uha,3890a549a1e0,-95.0
premier,2021-06-02,22.0,uha,3890a5242280,-96.0
premier,2021-06-02,22.0,uha,3890a54cc220,-95.0
premier,2021-06-02,22.0,uha,3890a5298a00,-69.0
premier,2021-06-02,22.0,uha,3890a5573840,-88.0
premier,2021-06-02,22.0,uha,3890a5600b40,-74.0
premier,2021-06-02,22.0,uha,3890a5298a00,-69.0
premier,2021-06-02,22.0,uha,3890a5242280,-89.0
premier,2021-06-02,22.0,uha,3890a5600240,-96.0
premier,2021-06-02,22.0,uha,3890a54cc220,-94.0
premier,2021-06-02,22.0,uha,3890a5505380,-92.0
premier,2021-06-02,22.0,uha,3890a549a1e0,-92.0
premier,2021-06-02,22.0,uha,3890a5573840,-91.0
premier,2021-06-02,22.0,uha,3890a5505380,-94.0
premier,2021-06-02,22.0,uha,3890a5503e60,-82.0
premier,2021-06-02,22.0,uha,3890a54ca360,-93.0
premier,2021-06-02,22.0,uha,3890a54ca360,-89.0
premier,2021-06-02,22.0,uha,3890a54cc220,-89.0
premier,2021-06-02,22.0,uha,3890a5503e60,-87.0
premier,2021-06-02,22.0,uha,3890a5573840,-84.0
premier,2021-06-02,22.0,uha,3890a5600b40,-81.0
premier,2021-06-02,22.0,uha,3890a5298a00,-64.0
premier,2021-06-02,22.0,uha,3890a5505380,-91.0
premier,2021-06-02,22.0,uha,3890a5573840,-89.0
premier,2021-06-02,22.0,uha,3890a5600b40,-70.0
premier,2021-06-02,22.0,uha,3890a5298a00,-63.0
premier,2021-06-02,22.0,uha,3890a5242280,-93.0
premier,2021-06-02,22.0,uha,3890a54cc220,-96.0
premier,2021-06-02,22.0,uha,3890a54ca360,-93.0
premier,2021-06-02,22.0,uha,3890a549a1e0,-92.0
premier,2021-06-02,22.0,uha,3890a5503e60,-90.0
premier,2021-06-02,22.0,uha,3890a5242280,-90.0
premier,2021-06-02,22.1,uha,3890a5242280,-92.0
premier,2021-06-02,22.1,uha,3890a54cc220,-96.0
premier,2021-06-02,22.1,uha,3890a5573840,-90.0
premier,2021-06-02,22.1,uha,3890a5503e60,-87.0
premier,2021-06-02,22.1,uha,3890a5505380,-87.0
premier,2021-06-02,22.1,uha,3890a5600b40,-72.0
premier,2021-06-02,22.1,uha,3890a5298a00,-71.0
premier,2021-06-02,22.1,uha,3890a5600240,-97.0
premier,2021-06-02,22.1,uha,3890a54cc220,-95.0
premier,2021-06-02,22.1,uha,3890a54ca360,-93.0
premier,2021-06-02,22.1,uha,3890a5242280,-91.0
premier,2021-06-02,22.1,uha,3890a549a1e0,-97.0
premier,2021-06-02,22.1,uha,3890a5505380,-88.0
premier,2021-06-02,22.1,uha,3890a5573840,-84.0
premier,2021-06-02,22.1,uha,3890a5600b40,-72.0
premier,2021-06-02,22.1,uha,3890a5298a00,-67.0
premier,2021-06-02,22.1,uha,3890a5503e60,-88.0
premier,2021-06-02,22.1,uha,3890a54ca360,-94.0
premier,2021-06-02,22.1,uha,3890a5505380,-96.0
premier,2021-06-02,22.1,uha,3890a5242280,-94.0
premier,2021-06-02,22.1,uha,3890a5298a00,-72.0
premier,2021-06-02,22.1,uha,3890a5600b40,-78.0
premier,2021-06-02,22.1,uha,3890a5600240,-94.0
premier,2021-06-02,22.1,uha,3890a54cc220,-90.0
premier,2021-06-02,22.1,uha,3890a5573840,-90.0
premier,2021-06-02,22.1,uha,3890a5505380,-92.0
premier,2021-06-02,22.1,uha,3890a5499de0,-92.0
premier,2021-06-02,22.1,uha,3890a54ca360,-93.0
premier,2021-06-02,22.1,uha,3890a5503e60,-85.0
premier,2021-06-02,22.1,uha,3890a549a1e0,-94.0
premier,2021-06-02,22.1,uha,3890a5499de0,-94.0
premier,2021-06-02,22.1,uha,3890a5600240,-95.0
premier,2021-06-02,22.1,uha,3890a5242280,-93.0
premier,2021-06-02,22.1,uha,3890a5503e60,-89.0
premier,2021-06-02,22.1,uha,3890a5573840,-89.0
premier,2021-06-02,22.1,uha,3890a5600b40,-73.0
premier,2021-06-02,22.1,uha,3890a5298a00,-71.0
premier,2021-06-02,22.1,uha,3890a54cc220,-96.0
premier,2021-06-02,23.0,uha,3890a5600b40,-84.0
premier,2021-06-02,23.0,uha,3890a5505380,-91.0
premier,2021-06-02,23.0,uha,3890a5573840,-93.0
premier,2021-06-02,23.0,uha,3890a54ca360,-95.0
premier,2021-06-02,23.0,uha,3890a5298a00,-70.0
premier,2021-06-02,23.0,uha,3890a5503e60,-82.0
premier,2021-06-02,23.0,uha,3890a5600b40,-87.0
premier,2021-06-02,23.0,uha,3890a5505380,-90.0
premier,2021-06-02,23.0,uha,3890a5600b40,-86.0
premier,2021-06-02,23.0,uha,3890a5298a00,-65.0
premier,2021-06-02,23.0,uha,3890a5503e60,-80.0
premier,2021-06-02,23.0,uha,3890a5600b40,-86.0
premier,2021-06-02,23.0,uha,3890a5503e60,-81.0
premier,2021-06-02,23.0,uha,3890a5573840,-88.0
premier,2021-06-02,23.0,uha,3890a5505380,-92.0
premier,2021-06-02,23.0,uha,3890a54ca360,-93.0
premier,2021-06-02,23.0,uha,3890a5298a00,-67.0
premier,2021-06-02,23.0,uha,3890a5573840,-91.0
premier,2021-06-02,23.0,uha,3890a5503e60,-83.0
premier,2021-06-02,23.0,uha,3890a5298a00,-65.0
premier,2021-06-02,23.0,uha,3890a5600b40,-78.0
premier,2021-06-02,23.0,uha,3890a5600b40,-78.0
premier,2021-06-02,23.0,uha,3890a5503e60,-79.0
premier,2021-06-02,23.0,uha,3890a5600b40,-77.0
premier,2021-06-02,23.0,uha,3890a5298a00,-66.0
premier,2021-06-02,23.0,uha,3890a5573840,-94.0
premier,2021-06-02,23.0,uha,3890a5298a00,-63.0
premier,2021-06-02,23.0,uha,3890a5503e60,-80.0
premier,2021-06-02,23.0,uha,3890a5600b40,-87.0
premier,2021-06-02,23.0,uha,3890a5573840,-94.0
premier,2021-06-02,23.0,uha,3890a5298a00,-64.0
premier,2021-06-02,23.0,uha,3890a5503e60,-88.0
premier,2021-06-02,23.0,uha,3890a5505380,-90.0
premier,2021-06-02,23.0,uha,3890a5298a00,-66.0
premier,2021-06-02,23.0,uha,3890a5503e60,-81.0
premier,2021-06-02,23.1,uha,3890a5505380,-92.0
premier,2021-06-02,23.1,uha,3890a54ca360,-93.0
premier,2021-06-02,23.1,uha,3890a549a1e0,-97.0
premier,2021-06-02,23.1,uha,3890a5600b40,-80.0
premier,2021-06-02,23.1,uha,3890a5503e60,-74.0
premier,2021-06-02,23.1,uha,3890a5600b40,-85.0
premier,2021-06-02,23.1,uha,3890a5298a00,-63.0
premier,2021-06-02,23.1,uha,3890a5505380,-90.0
premier,2021-06-02,23.1,uha,3890a54cc220,-96.0
premier,2021-06-02,23.1,uha,3890a5298a00,-67.0
premier,2021-06-02,23.1,uha,3890a5600b40,-77.0
premier,2021-06-02,23.1,uha,3890a5503e60,-78.0
premier,2021-06-02,23.1,uha,3890a5503e60,-79.0
premier,2021-06-02,23.1,uha,3890a5573840,-88.0
premier,2021-06-02,23.1,uha,3890a54ca360,-95.0
premier,2021-06-02,23.1,uha,3890a5298a00,-66.0
premier,2021-06-02,23.1,uha,3890a5573840,-91.0
premier,2021-06-02,23.1,uha,3890a5503e60,-89.0
premier,2021-06-02,23.1,uha,3890a5573840,-90.0
premier,2021-06-02,23.1,uha,3890a54cc220,-94.0
premier,2021-06-02,23.1,uha,3890a5600b40,-86.0
premier,2021-06-02,23.1,uha,3890a5503e60,-89.0
premier,2021-06-02,23.1,uha,3890a5573840,-89.0
premier,2021-06-02,23.1,uha,3890a5505380,-92.0
premier,2021-06-02,23.1,uha,3890a5298a00,-67.0
premier,2021-06-02,23.1,uha,3890a5298a00,-63.0
premier,2021-06-02,23.1,uha,3890a5503e60,-79.0
premier,2021-06-02,23.1,uha,3890a5600b40,-81.0
premier,2021-06-02,23.1,uha,3890a5573840,-88.0
premier,2021-06-02,23.1,uha,3890a5505380,-93.0
premier,2021-06-02,23.1,uha,3890a549a1e0,-93.0
premier,2021-06-02,23.1,uha,3890a5298a00,-67.0
premier,2021-06-02,23.1,uha,3890a54cc220,-92.0
premier,2021-06-02,23.1,uha,3890a5600b40,-82.0
premier,2021-06-02,24.0,uha,3890a54ca360,-92.0
premier,2021-06-02,24.0,uha,3890a54ca360,-93.0
premier,2021-06-02,24.0,uha,3890a5298a00,-54.0
premier,2021-06-02,24.0,uha,3890a5298a00,-53.0
premier,2021-06-02,24.0,uha,3890a54ca360,-94.0
premier,2021-06-02,24.0,uha,3890a5298a00,-53.0
premier,2021-06-02,24.0,uha,3890a54ca360,-93.0
premier,2021-06-02,24.0,uha,3890a5298a00,-52.0
premier,2021-06-02,24.0,uha,3890a5298a00,-56.0
premier,2021-06-02,24.0,uha,3890a54ca360,-93.0
premier,2021-06-02,24.0,uha,3890a5298a00,-56.0
premier,2021-06-02,24.0,uha,3890a54ca360,-95.0
premier,2021-06-02,24.0,uha,3890a5298a00,-54.0
premier,2021-06-02,24.0,uha,3890a54ca360,-95.0
premier,2021-06-02,24.0,uha,3890a5298a00,-51.0
premier,2021-06-02,24.0,uha,3890a54ca360,-94.0
premier,2021-06-02,24.0,uha,3890a5298a00,-53.0
premier,2021-06-02,24.0,uha,3890a5298a00,-52.0
premier,2021-06-02,24.0,uha,3890a549a1e0,-94.0
premier,2021-06-02,24.0,uha,3890a54ca360,-92.0
premier,2021-06-02,24.0,uha,3890a5503e60,-88.0
premier,2021-06-02,24.0,uha,3890a5505380,-85.0
premier,2021-06-02,24.0,uha,3890a5600b40,-79.0
premier,2021-06-02,24.0,uha,3890a5298a00,-54.0
premier,2021-06-02,24.0,uha,3890a54ca360,-96.0
premier,2021-06-02,24.0,uha,3890a54ca360,-95.0
premier,2021-06-02,24.0,uha,3890a54ca360,-96.0
premier,2021-06-02,24.0,uha,3890a5298a00,-53.0
premier,2021-06-02,24.0,uha,3890a54ca360,-94.0
premier,2021-06-02,24.0,uha,3890a5298a00,-56.0
premier,2021-06-02,24.0,uha,3890a54ca360,-92.0
premier,2021-06-02,24.0,uha,3890a5298a00,-54.0
premier,2021-06-02,24.0,uha,3890a54ca360,-94.0
premier,2021-06-02,24.0,uha,3890a5298a00,-55.0
premier,2021-06-02,24.0,uha,3890a5298a00,-54.0
premier,2021-06-02,24.1,uha,3890a5298a00,-52.0
premier,2021-06-02,24.1,uha,3890a5298a00,-53.0
premier,2021-06-02,24.1,uha,3890a5503e60,-72.0
premier,2021-06-02,24.1,uha,3890a5505380,-87.0
premier,2021-06-02,24.1,uha,3890a5600b40,-89.0
premier,2021-06-02,24.1,uha,3890a5298a00,-52.0
premier,2021-06-02,24.1,uha,3890a5503e60,-75.0
premier,2021-06-02,24.1,uha,3890a5573840,-91.0
premier,2021-06-02,24.1,uha,3890a5505380,-92.0
premier,2021-06-02,24.1,uha,3890a5503e60,-73.0
premier,2021-06-02,24.1,uha,3890a5573840,-91.0
premier,2021-06-02,24.1,uha,3890a5600b40,-91.0
premier,2021-06-02,24.1,uha,3890a54ca360,-94.0
premier,2021-06-02,24.1,uha,3890a5298a00,-51.0
premier,2021-06-02,24.1,uha,3890a5503e60,-71.0
premier,2021-06-02,24.1,uha,3890a5600b40,-90.0
premier,2021-06-02,24.1,uha,3890a5505380,-92.0
premier,2021-06-02,24.1,uha,3890a5573840,-91.0
premier,2021-06-02,24.1,uha,3890a5503e60,-75.0
premier,2021-06-02,24.1,uha,3890a5573840,-91.0
premier,2021-06-02,24.1,uha,3890a5505380,-89.0
premier,2021-06-02,24.1,uha,3890a5503e60,-75.0
premier,2021-06-02,24.1,uha,3890a5600b40,-92.0
premier,2021-06-02,24.1,uha,3890a5600b40,-95.0
premier,2021-06-02,24.1,uha,3890a5298a00,-52.0
premier,2021-06-02,24.1,uha,3890a5298a00,-53.0
premier,2021-06-02,24.1,uha,3890a5600b40,-95.0
premier,2021-06-02,24.1,uha,3890a5298a00,-52.0
premier,2021-06-02,24.1,uha,3890a5503e60,-79.0
premier,2021-06-02,24.1,uha,3890a5505380,-90.0
premier,2021-06-02,24.1,uha,3890a5573840,-89.0
premier,2021-06-02,25.0,uha,3890a5503e60,-93.0
premier,2021-06-02,25.0,uha,3890a5298a00,-37.0
premier,2021-06-02,25.0,uha,3890a5573840,-92.0
premier,2021-06-02,25.0,uha,3890a5505380,-77.0
premier,2021-06-02,25.0,uha,3890a5573840,-93.0
premier,2021-06-02,25.0,uha,3890a5600b40,-87.0
premier,2021-06-02,25.0,uha,3890a5505380,-77.0
premier,2021-06-02,25.0,uha,3890a5298a00,-42.0
premier,2021-06-02,25.0,uha,3890a5503e60,-92.0
premier,2021-06-02,25.0,uha,3890a54ca360,-93.0
premier,2021-06-02,25.0,uha,3890a5298a00,-38.0
premier,2021-06-02,25.0,uha,3890a54ca360,-94.0
premier,2021-06-02,25.0,uha,3890a5298a00,-38.0
premier,2021-06-02,25.0,uha,3890a54ca360,-94.0
premier,2021-06-02,25.0,uha,3890a5298a00,-38.0
premier,2021-06-02,25.0,uha,3890a5298a00,-39.0
premier,2021-06-02,25.0,uha,3890a54ca360,-93.0
premier,2021-06-02,25.0,uha,3890a5298a00,-39.0
premier,2021-06-02,25.0,uha,3890a54ca360,-94.0
premier,2021-06-02,25.0,uha,3890a54ca360,-93.0
premier,2021-06-02,25.0,uha,3890a54ca360,-93.0
premier,2021-06-02,25.0,uha,3890a5298a00,-40.0
premier,2021-06-02,25.0,uha,3890a5505380,-76.0
premier,2021-06-02,25.0,uha,3890a5600b40,-84.0
premier,2021-06-02,25.0,uha,3890a5573840,-92.0
premier,2021-06-02,25.0,uha,3890a54ca360,-93.0
premier,2021-06-02,25.0,uha,3890a5298a00,-40.0
premier,2021-06-02,25.0,uha,3890a54ca360,-92.0
premier,2021-06-02,25.0,uha,3890a54ca360,-93.0
premier,2021-06-02,25.0,uha,3890a54ca360,-94.0
premier,2021-06-02,25.0,uha,3890a5298a00,-38.0
premier,2021-06-02,25.0,uha,3890a5298a00,-38.0
premier,2021-06-02,25.0,uha,3890a5298a00,-37.0
premier,2021-06-02,25.1,uha,3890a5298a00,-47.0
premier,2021-06-02,25.1,uha,3890a5505380,-72.0
premier,2021-06-02,25.1,uha,3890a5600b40,-84.0
premier,2021-06-02,25.1,uha,3890a5573840,-93.0
premier,2021-06-02,25.1,uha,3890a5503e60,-86.0
premier,2021-06-02,25.1,uha,3890a5298a00,-49.0
premier,2021-06-02,25.1,uha,3890a5505380,-84.0
premier,2021-06-02,25.1,uha,3890a5600b40,-86.0
premier,2021-06-02,25.1,uha,3890a5573840,-91.0
premier,2021-06-02,25.1,uha,3890a5600b40,-89.0
premier,2021-06-02,25.1,uha,3890a5298a00,-47.0
premier,2021-06-02,25.1,uha,3890a5505380,-80.0
premier,2021-06-02,25.1,uha,3890a5503e60,-88.0
premier,2021-06-02,25.1,uha,3890a5503e60,-90.0
premier,2021-06-02,25.1,uha,3890a5600b40,-89.0
premier,2021-06-02,25.1,uha,3890a5573840,-92.0
premier,2021-06-02,25.1,uha,3890a5298a00,-48.0
premier,2021-06-02,25.1,uha,3890a5505380,-83.0
premier,2021-06-02,25.1,uha,3890a5503e60,-86.0
premier,2021-06-02,25.1,uha,3890a5298a00,-53.0
premier,2021-06-02,25.1,uha,3890a5503e60,-88.0
premier,2021-06-02,25.1,uha,3890a5600b40,-88.0
premier,2021-06-02,25.1,uha,3890a5573840,-93.0
premier,2021-06-02,25.1,uha,3890a5505380,-78.0
premier,2021-06-02,25.1,uha,3890a5298a00,-48.0
premier,2021-06-02,25.1,uha,3890a5505380,-79.0
premier,2021-06-02,25.1,uha,3890a5503e60,-86.0
premier,2021-06-02,25.1,uha,3890a5600b40,-90.0
premier,2021-06-02,25.1,uha,3890a5505380,-80.0
premier,2021-06-02,25.1,uha,3890a5503e60,-88.0
premier,2021-06-02,25.1,uha,3890a5600b40,-88.0
premier,2021-06-02,25.1,uha,3890a5298a00,-50.0
premier,2021-06-02,25.1,uha,3890a5505380,-81.0
premier,2021-06-02,25.1,uha,3890a5503e60,-87.0
premier,2021-06-02,25.1,uha,3890a5600b40,-88.0
premier,2021-06-02,25.1,uha,3890a5298a00,-49.0
premier,2021-06-02,26.0,uha,3890a5298a00,-64.0
premier,2021-06-02,26.0,uha,3890a5298a00,-55.0
premier,2021-06-02,26.0,uha,3890a5298a00,-58.0
premier,2021-06-02,26.0,uha,3890a5298a00,-56.0
premier,2021-06-02,26.0,uha,3890a5298a00,-57.0
premier,2021-06-02,26.0,uha,3890a5298a00,-66.0
premier,2021-06-02,26.0,uha,3890a5298a00,-62.0
premier,2021-06-02,26.0,uha,3890a5298a00,-60.0
premier,2021-06-02,26.0,uha,3890a5298a00,-59.0
premier,2021-06-02,26.0,uha,3890a5298a00,-56.0
premier,2021-06-02,26.0,uha,3890a5298a00,-66.0
premier,2021-06-02,26.0,uha,3890a5298a00,-59.0
premier,2021-06-02,26.0,uha,3890a5298a00,-62.0
premier,2021-06-02,26.0,uha,3890a5298a00,-61.0
premier,2021-06-02,26.0,uha,3890a5298a00,-57.0
premier,2021-06-02,26.0,uha,3890a5298a00,-59.0
premier,2021-06-02,26.0,uha,3890a5298a00,-61.0
premier,2021-06-02,26.0,uha,3890a5298a00,-52.0
premier,2021-06-02,26.0,uha,3890a5600b40,-91.0
premier,2021-06-02,26.0,uha,3890a5503e60,-90.0
premier,2021-06-02,26.0,uha,3890a5505380,-72.0
premier,2021-06-02,26.0,uha,3890a5298a00,-60.0
premier,2021-06-02,26.0,uha,3890a5298a00,-54.0
premier,2021-06-02,26.0,uha,3890a5503e60,-93.0
premier,2021-06-02,26.0,uha,3890a5600b40,-89.0
premier,2021-06-02,26.0,uha,3890a5505380,-76.0
premier,2021-06-02,26.0,uha,3890a5298a00,-54.0
premier,2021-06-02,26.0,uha,3890a5298a00,-62.0
premier,2021-06-02,26.0,uha,3890a5298a00,-52.0
premier,2021-06-02,26.0,uha,3890a5298a00,-55.0
premier,2021-06-02,26.0,uha,3890a5573840,-94.0
premier,2021-06-02,26.0,uha,3890a5503e60,-90.0
premier,2021-06-02,26.0,uha,3890a5600b40,-87.0
premier,2021-06-02,26.0,uha,3890a5505380,-71.0
premier,2021-06-02,26.1,uha,3890a5600b40,-88.0
premier,2021-06-02,26.1,uha,3890a5505380,-77.0
premier,2021-06-02,26.1,uha,3890a5298a00,-60.0
premier,2021-06-02,26.1,uha,3890a5600b40,-93.0
premier,2021-06-02,26.1,uha,3890a5505380,-82.0
premier,2021-06-02,26.1,uha,3890a5298a00,-56.0
premier,2021-06-02,26.1,uha,3890a5503e60,-94.0
premier,2021-06-02,26.1,uha,002a10c85f70,-93.0
premier,2021-06-02,26.1,uha,3890a5503e60,-91.0
premier,2021-06-02,26.1,uha,3890a5573840,-90.0
premier,2021-06-02,26.1,uha,3890a5600b40,-85.0
premier,2021-06-02,26.1,uha,3890a5505380,-68.0
premier,2021-06-02,26.1,uha,3890a5298a00,-57.0
premier,2021-06-02,26.1,uha,3890a5503e60,-93.0
premier,2021-06-02,26.1,uha,3890a5503e60,-91.0
premier,2021-06-02,26.1,uha,3890a5600b40,-84.0
premier,2021-06-02,26.1,uha,3890a5505380,-74.0
premier,2021-06-02,26.1,uha,3890a5298a00,-49.0
premier,2021-06-02,26.1,uha,3890a5503e60,-90.0
premier,2021-06-02,26.1,uha,3890a5600b40,-88.0
premier,2021-06-02,26.1,uha,3890a5298a00,-53.0
premier,2021-06-02,26.1,uha,3890a5505380,-83.0
premier,2021-06-02,26.1,uha,3890a5298a00,-52.0
premier,2021-06-02,26.1,uha,3890a5600b40,-85.0
premier,2021-06-02,26.1,uha,3890a5505380,-79.0
premier,2021-06-02,26.1,uha,3890a5503e60,-87.0
premier,2021-06-02,26.1,uha,3890a5600b40,-88.0
premier,2021-06-02,26.1,uha,3890a5505380,-74.0
premier,2021-06-02,26.1,uha,3890a5298a00,-52.0
premier,2021-06-02,26.1,uha,3890a5503e60,-92.0
premier,2021-06-02,26.1,uha,3890a5600b40,-86.0
premier,2021-06-02,26.1,uha,3890a5505380,-80.0
premier,2021-06-02,26.1,uha,3890a5298a00,-54.0
premier,2021-06-02,27.0,uha,3890a5298a00,-69.0
premier,2021-06-02,27.0,uha,3890a5298a00,-63.0
premier,2021-06-02,27.0,uha,3890a5298a00,-65.0
premier,2021-06-02,27.0,uha,3890a5298a00,-66.0
premier,2021-06-02,27.0,uha,3890a5298a00,-70.0
premier,2021-06-02,27.0,uha,3890a5298a00,-69.0
premier,2021-06-02,27.0,uha,3890a5298a00,-72.0
premier,2021-06-02,27.0,uha,3890a5505380,-74.0
premier,2021-06-02,27.0,uha,3890a5503e60,-91.0
premier,2021-06-02,27.0,uha,3890a5298a00,-67.0
premier,2021-06-02,27.0,uha,3890a5600b40,-93.0
premier,2021-06-02,27.0,uha,3890a5298a00,-59.0
premier,2021-06-02,27.0,uha,3890a5298a00,-68.0
premier,2021-06-02,27.0,uha,3890a5298a00,-60.0
premier,2021-06-02,27.0,uha,3890a5298a00,-62.0
premier,2021-06-02,27.0,uha,3890a5298a00,-65.0
premier,2021-06-02,27.0,uha,3890a5298a00,-68.0
premier,2021-06-02,27.0,uha,3890a5298a00,-69.0
premier,2021-06-02,27.0,uha,3890a5298a00,-67.0
premier,2021-06-02,27.0,uha,3890a5298a00,-66.0
premier,2021-06-02,27.0,uha,3890a5298a00,-64.0
premier,2021-06-02,27.0,uha,3890a5298a00,-63.0
premier,2021-06-02,27.0,uha,3890a5298a00,-62.0
premier,2021-06-02,27.0,uha,3890a5298a00,-67.0
premier,2021-06-02,27.0,uha,3890a5298a00,-69.0
premier,2021-06-02,27.0,uha,3890a5298a00,-70.0
premier,2021-06-02,27.0,uha,3890a5298a00,-72.0
premier,2021-06-02,27.0,uha,3890a5298a00,-71.0
premier,2021-06-02,27.0,uha,3890a5298a00,-65.0
premier,2021-06-02,27.0,uha,3890a5298a00,-62.0
premier,2021-06-02,27.0,uha,3890a5298a00,-62.0
premier,2021-06-02,27.0,uha,3890a5298a00,-65.0
premier,2021-06-02,27.0,uha,3890a5298a00,-66.0
premier,2021-06-02,27.0,uha,3890a5298a00,-68.0
premier,2021-06-02,27.0,uha,3890a5298a00,-65.0
premier,2021-06-02,27.1,uha,3890a5298a00,-57.0
premier,2021-06-02,27.1,uha,3890a5503e60,-96.0
premier,2021-06-02,27.1,uha,3890a5505380,-73.0
premier,2021-06-02,27.1,uha,3890a5600b40,-91.0
premier,2021-06-02,27.1,uha,3890a5503e60,-92.0
premier,2021-06-02,27.1,uha,3890a5505380,-83.0
premier,2021-06-02,27.1,uha,3890a5298a00,-60.0
premier,2021-06-02,27.1,uha,3890a5600b40,-90.0
premier,2021-06-02,27.1,uha,3890a5600b40,-91.0
premier,2021-06-02,27.1,uha,3890a5505380,-72.0
premier,2021-06-02,27.1,uha,3890a5298a00,-56.0
premier,2021-06-02,27.1,uha,3890a5505380,-73.0
premier,2021-06-02,27.1,uha,3890a5503e60,-92.0
premier,2021-06-02,27.1,uha,3890a5298a00,-56.0
premier,2021-06-02,27.1,uha,3890a5600b40,-86.0
premier,2021-06-02,27.1,uha,3890a5503e60,-94.0
premier,2021-06-02,27.1,uha,3890a5298a00,-62.0
premier,2021-06-02,27.1,uha,3890a5505380,-82.0
premier,2021-06-02,27.1,uha,3890a5600b40,-90.0
premier,2021-06-02,27.1,uha,3890a5298a00,-67.0
premier,2021-06-02,27.1,uha,3890a5505380,-71.0
premier,2021-06-02,27.1,uha,3890a5600b40,-90.0
premier,2021-06-02,27.1,uha,3890a5505380,-71.0
premier,2021-06-02,27.1,uha,3890a5298a00,-64.0
premier,2021-06-02,27.1,uha,3890a5505380,-71.0
premier,2021-06-02,27.1,uha,3890a5600b40,-89.0
premier,2021-06-02,27.1,uha,3890a5503e60,-90.0
premier,2021-06-02,27.1,uha,002a10c85f70,-93.0
premier,2021-06-02,27.1,uha,3890a5298a00,-55.0
premier,2021-06-02,27.1,uha,3890a5600b40,-94.0
premier,2021-06-02,27.1,uha,3890a5503e60,-87.0
premier,2021-06-02,27.1,uha,3890a5600b40,-89.0
premier,2021-06-02,27.1,uha,3890a5298a00,-63.0
premier,2021-06-02,27.1,uha,3890a5505380,-73.0
premier,2021-06-02,27.1,uha,3890a5503e60,-88.0
premier,2021-06-02,27.1,uha,002a10c85f70,-94.0
premier,2021-06-02,27.2,uha,3890a5503e60,-94.0
premier,2021-06-02,27.2,uha,3890a5505380,-72.0
premier,2021-06-02,27.2,uha,3890a5503e60,-94.0
premier,2021-06-02,27.2,uha,3890a5298a00,-60.0
premier,2021-06-02,27.2,uha,3890a5505380,-75.0
premier,2021-06-02,27.2,uha,3890a5600b40,-90.0
premier,2021-06-02,27.2,uha,3890a5503e60,-91.0
premier,2021-06-02,27.2,uha,3890a5298a00,-58.0
premier,2021-06-02,27.2,uha,3890a5298a00,-59.0
premier,2021-06-02,27.2,uha,3890a5600b40,-95.0
premier,2021-06-02,27.2,uha,3890a5298a00,-62.0
premier,2021-06-02,27.2,uha,3890a5600b40,-87.0
premier,2021-06-02,27.2,uha,3890a5600b40,-88.0
premier,2021-06-02,27.2,uha,3890a5503e60,-93.0
premier,2021-06-02,27.2,uha,3890a5298a00,-60.0
premier,2021-06-02,27.2,uha,3890a5505380,-83.0
premier,2021-06-02,27.2,uha,3890a5505380,-77.0
premier,2021-06-02,27.2,uha,3890a5503e60,-92.0
premier,2021-06-02,27.2,uha,3890a5298a00,-57.0
premier,2021-06-02,27.2,uha,3890a5505380,-73.0
premier,2021-06-02,27.2,uha,3890a5600b40,-91.0
premier,2021-06-02,27.2,uha,3890a5600b40,-91.0
premier,2021-06-02,27.2,uha,3890a5503e60,-93.0
premier,2021-06-02,27.2,uha,3890a5505380,-79.0
premier,2021-06-02,27.2,uha,3890a5298a00,-62.0
premier,2021-06-02,27.2,uha,3890a5600b40,-89.0
premier,2021-06-02,27.2,uha,3890a5505380,-79.0
premier,2021-06-02,27.2,uha,3890a5503e60,-93.0
premier,2021-06-02,27.2,uha,3890a5298a00,-59.0
premier,2021-06-02,27.2,uha,3890a5505380,-79.0
premier,2021-06-02,27.2,uha,3890a5600b40,-91.0
premier,2021-06-02,27.3,uha,3890a5600b40,-90.0
premier,2021-06-02,27.3,uha,3890a54ca360,-94.0
premier,2021-06-02,27.3,uha,3890a5298a00,-65.0
premier,2021-06-02,27.3,uha,3890a5503e60,-89.0
premier,2021-06-02,27.3,uha,3890a5298a00,-61.0
premier,2021-06-02,27.3,uha,3890a54ca360,-96.0
premier,2021-06-02,27.3,uha,3890a5503e60,-91.0
premier,2021-06-02,27.3,uha,3890a5505380,-82.0
premier,2021-06-02,27.3,uha,3890a5600b40,-99.0
premier,2021-06-02,27.3,uha,3890a54ca360,-93.0
premier,2021-06-02,27.3,uha,3890a5503e60,-89.0
premier,2021-06-02,27.3,uha,3890a5505380,-79.0
premier,2021-06-02,27.3,uha,3890a5298a00,-70.0
premier,2021-06-02,27.3,uha,3890a5600b40,-83.0
premier,2021-06-02,27.3,uha,3890a5503e60,-89.0
premier,2021-06-02,27.3,uha,3890a5600b40,-87.0
premier,2021-06-02,27.3,uha,3890a5505380,-86.0
premier,2021-06-02,27.3,uha,3890a5600b40,-90.0
premier,2021-06-02,27.3,uha,3890a5600b40,-89.0
premier,2021-06-02,27.3,uha,3890a5503e60,-88.0
premier,2021-06-02,27.3,uha,3890a5505380,-80.0
premier,2021-06-02,27.3,uha,3890a5298a00,-62.0
premier,2021-06-02,27.3,uha,3890a5503e60,-91.0
premier,2021-06-02,27.3,uha,3890a5600b40,-88.0
premier,2021-06-02,27.3,uha,3890a5505380,-75.0
premier,2021-06-02,27.3,uha,3890a5298a00,-56.0
premier,2021-06-02,27.3,uha,3890a54ca360,-94.0
premier,2021-06-02,27.3,uha,3890a5505380,-81.0
premier,2021-06-02,27.3,uha,3890a5298a00,-60.0
premier,2021-06-02,27.3,uha,3890a5503e60,-91.0
premier,2021-06-02,27.3,uha,3890a5505380,-76.0
premier,2021-06-02,27.3,uha,3890a5298a00,-62.0
premier,2021-06-02,27.3,uha,3890a5600b40,-90.0
premier,2021-06-02,27.3,uha,3890a5503e60,-88.0
premier,2021-06-02,27.3,uha,3890a5505380,-83.0
premier,2021-06-02,27.3,uha,3890a5298a00,-58.0
